player,display_name,photo,flag,club_logo,club,theme_color
HEEREN Renaud,HEEREN Renaud,assets/players/heeren-renaud.png,assets/flags/be.png,assets/clubs/default.png,,#F59E0B
HAESELEER Christian,HAESELEER Christian,assets/players/haeseleer-christian.png,assets/flags/be.png,assets/clubs/acl.png,ACL,#F59E0B
BALAŸ Éric,BALAŸ Éric,assets/players/balay-eric.png,assets/flags/fr.png,assets/clubs/lyon.png,Lyon,#1D4ED8
BOUCHERAND Marie-Hélène,BOUCHERAND Marie-Hélène,assets/players/boucherand-marie-helene.png,assets/flags/fr.png,assets/clubs/vinay.png,Vinay,#1D4ED8
COMBE Christian,COMBE Christian,assets/players/combe-christian.png,assets/flags/fr.png,assets/clubs/default.png,,#444444
DUBOIS Jean-Marc,DUBOIS Jean-Marc,assets/players/dubois-jean-marc.png,assets/flags/fr.png,assets/clubs/lyon.png,Lyon,#1D4ED8
FECHE Chantal,FECHE Chantal,assets/players/feche-chantal.png,assets/flags/fr.png,assets/clubs/saint-priest-en-jarez.png,Saint-Priest-en-Jarez,#1D4ED8
RAVEL Paul,RAVEL Paul,assets/players/ravel-paul.png,assets/flags/fr.png,assets/clubs/default.png,,#444444
ABBA Ymeddine,ABBA Ymeddine,assets/players/abba-ymeddine.png,assets/flags/fr.png,assets/clubs/default.png,,#444444
ADAMS Samuel,ADAMS Samuel,assets/players/adams-samuel.png,assets/flags/fr.png,assets/clubs/peronnas.png,Péronnas,#1D4ED8
AGUSTI Françoise,AGUSTI Françoise,assets/players/agusti-francoise.png,assets/flags/fr.png,assets/clubs/default.png,,#EA580C
ALARY Tristan,ALARY Tristan,assets/players/alary-tristan.png,assets/flags/fr.png,assets/clubs/default.png,,#444444
ALBOUY Éric,ALBOUY Éric,assets/players/albouy-eric.png,assets/flags/fr.png,assets/clubs/toulouse.png,Toulouse,#EA580C
ALLARD Jeanine,ALLARD Jeanine,assets/players/allard-jeanine.png,assets/flags/fr.png,assets/clubs/default.png,,#444444
ALLOUCH Julie,ALLOUCH Julie,assets/players/allouch-julie.png,assets/flags/fr.png,assets/clubs/default.png,,#DB2777
AMBROISE Annick,AMBROISE Annick,assets/players/ambroise-annick.png,assets/flags/fr.png,assets/clubs/luce.png,Lucé,#111827
AMEWOKOUNOU Léon,AMEWOKOUNOU Léon,assets/players/amewokounou-leon.png,assets/flags/fr.png,assets/clubs/default.png,,#444444
ANDRÉ Alfreda,ANDRÉ Alfreda,assets/players/andre-alfreda.png,assets/flags/fr.png,assets/clubs/default.png,,#444444
ANDRÉ Christiane,ANDRÉ Christiane,assets/players/andre-christiane.png,assets/flags/fr.png,assets/clubs/default.png,,#444444
ANGLADE Brigitte,ANGLADE Brigitte,assets/players/anglade-brigitte.png,assets/flags/fr.png,assets/clubs/bon-encontre.png,Bon-Encontre,#EA580C
ARANAZ Régine,ARANAZ Régine,assets/players/aranaz-regine.png,assets/flags/fr.png,assets/clubs/default.png,,#444444
ARANDA Enrique,ARANDA Enrique,assets/players/aranda-enrique.png,assets/flags/be.png,assets/clubs/default.png,,#F59E0B
ARRIGHI Jean-Claude,ARRIGHI Jean-Claude,assets/players/arrighi-jean-claude.png,assets/flags/fr.png,assets/clubs/marseille.png,Marseille,#DB2777
ASPE Sylvie,ASPE Sylvie,assets/players/aspe-sylvie.png,assets/flags/fr.png,assets/clubs/default.png,,#111827
ASSUMEL Pierre,ASSUMEL Pierre,assets/players/assumel-pierre.png,assets/flags/fr.png,assets/clubs/peronnas.png,Péronnas,#1D4ED8
ASSUMEL Rémi,ASSUMEL Rémi,assets/players/assumel-remi.png,assets/flags/fr.png,assets/clubs/dijon.png,Dijon,#1D4ED8
AUBRIÈRE Marie-Christine,AUBRIÈRE Marie-Christine,assets/players/aubriere-marie-christine.png,assets/flags/fr.png,assets/clubs/royan.png,Royan,#0F766E
AUBRY Claire,AUBRY Claire,assets/players/aubry-claire.png,assets/flags/fr.png,assets/clubs/paray-vieille-poste.png,Paray-Vieille-Poste,#111827
AUSSANT Thérèse,AUSSANT Thérèse,assets/players/aussant-therese.png,assets/flags/fr.png,assets/clubs/default.png,,#444444
AUZANNEAU Maxime,AUZANNEAU Maxime,assets/players/auzanneau-maxime.png,assets/flags/fr.png,assets/clubs/lyon.png,Lyon,#1D4ED8
AVOGNON Brice,AVOGNON Brice,assets/players/avognon-brice.png,assets/flags/be.png,assets/clubs/default.png,,#F59E0B
AVRIL Josette,AVRIL Josette,assets/players/avril-josette.png,assets/flags/fr.png,assets/clubs/vannes.png,Vannes,#0F766E
AYOUN Joëlle,AYOUN Joëlle,assets/players/ayoun-joelle.png,assets/flags/fr.png,assets/clubs/default.png,,#444444
BAILLIEUX Monique,BAILLIEUX Monique,assets/players/baillieux-monique.png,assets/flags/be.png,assets/clubs/dour.png,Dour,#F59E0B
BAKAYOKO Ahmed,BAKAYOKO Ahmed,assets/players/bakayoko-ahmed.png,assets/flags/fr.png,assets/clubs/viroflay.png,Viroflay,#111827
BALAY Éric,BALAY Éric,assets/players/balay-eric.png,assets/flags/fr.png,assets/clubs/lyon.png,Lyon,#1D4ED8
BALLAROTTA Benjamin,BALLAROTTA Benjamin,assets/players/ballarotta-benjamin.png,assets/flags/fr.png,assets/clubs/paris.png,Paris,#111827
BARBET Catherine,BARBET Catherine,assets/players/barbet-catherine.png,assets/flags/fr.png,assets/clubs/saint-lo.png,Saint-Lô,#2563EB
BARBET Marie-France,BARBET Marie-France,assets/players/barbet-marie-france.png,assets/flags/fr.png,assets/clubs/dijon.png,Dijon,#1D4ED8
BARCET Vincent,BARCET Vincent,assets/players/barcet-vincent.png,assets/flags/fr.png,assets/clubs/default.png,,#DB2777
BARDOUX Ludovic,BARDOUX Ludovic,assets/players/bardoux-ludovic.png,assets/flags/fr.png,assets/clubs/douai.png,Douai,#DC2626
BARGAS Christophe,BARGAS Christophe,assets/players/bargas-christophe.png,assets/flags/fr.png,assets/clubs/default.png,,#444444
BARJOT Richard,BARJOT Richard,assets/players/barjot-richard.png,assets/flags/fr.png,assets/clubs/durtol.png,Durtol,#1D4ED8
BARON Mickaël,BARON Mickaël,assets/players/baron-mickael.png,assets/flags/fr.png,assets/clubs/vannes.png,Vannes,#0F766E
BARREAU Alain,BARREAU Alain,assets/players/barreau-alain.png,assets/flags/fr.png,assets/clubs/ambert.png,Ambert,#1D4ED8
BARREAU Élisabeth,BARREAU Élisabeth,assets/players/barreau-elisabeth.png,assets/flags/fr.png,assets/clubs/ambert.png,Ambert,#1D4ED8
BASTIN Nicolas,BASTIN Nicolas,assets/players/bastin-nicolas.png,assets/flags/fr.png,assets/clubs/viroflay.png,Viroflay,#111827
BAUDRY Françoise,BAUDRY Françoise,assets/players/baudry-francoise.png,assets/flags/fr.png,assets/clubs/default.png,,#444444
BAUDU André,BAUDU André,assets/players/baudu-andre.png,assets/flags/fr.png,assets/clubs/default.png,,#444444
BAYOUMEU Franck,BAYOUMEU Franck,assets/players/bayoumeu-franck.png,assets/flags/fr.png,assets/clubs/tarbes.png,Tarbes,#EA580C
BELLEIL Jacques,BELLEIL Jacques,assets/players/belleil-jacques.png,assets/flags/fr.png,assets/clubs/default.png,,#444444
BENOIT Rémi,BENOIT Rémi,assets/players/benoit-remi.png,assets/flags/fr.png,assets/clubs/default.png,,#DB2777
BENTKOWSKI Marie,BENTKOWSKI Marie,assets/players/bentkowski-marie.png,assets/flags/fr.png,assets/clubs/default.png,,#444444
BERLAN Marielle,BERLAN Marielle,assets/players/berlan-marielle.png,assets/flags/fr.png,assets/clubs/toulouse.png,Toulouse,#EA580C
BERNARD Denise,BERNARD Denise,assets/players/bernard-denise.png,assets/flags/fr.png,assets/clubs/vannes.png,Vannes,#0F766E
BERNARD Pascal,BERNARD Pascal,assets/players/bernard-pascal.png,assets/flags/fr.png,assets/clubs/default.png,,#444444
BERNARD Patrick,BERNARD Patrick,assets/players/bernard-patrick.png,assets/flags/fr.png,assets/clubs/vannes.png,Vannes,#0F766E
BERNARD Pierre,BERNARD Pierre,assets/players/bernard-pierre.png,assets/flags/fr.png,assets/clubs/la-roche-sur-yon.png,La-Roche-sur-Yon,#059669
BERRUER Sylvie,BERRUER Sylvie,assets/players/berruer-sylvie.png,assets/flags/fr.png,assets/clubs/domerat.png,Domérat,#1D4ED8
BERTHOMÉ Michel,BERTHOMÉ Michel,assets/players/berthome-michel.png,assets/flags/fr.png,assets/clubs/default.png,,#444444
BERTRAND Benoît,BERTRAND Benoît,assets/players/bertrand-benoit.png,assets/flags/fr.png,assets/clubs/default.png,,#444444
BITEAU Anne-Marie,BITEAU Anne-Marie,assets/players/biteau-anne-marie.png,assets/flags/fr.png,assets/clubs/niort.png,Niort,#0F766E
BIÉLEC Frédéric,BIÉLEC Frédéric,assets/players/bielec-frederic.png,assets/flags/fr.png,assets/clubs/default.png,,#444444
BIÉLEC Suzanne,BIÉLEC Suzanne,assets/players/bielec-suzanne.png,assets/flags/fr.png,assets/clubs/default.png,,#444444
BLANCHET Mathieu,BLANCHET Mathieu,assets/players/blanchet-mathieu.png,assets/flags/fr.png,assets/clubs/default.png,,#444444
BLAYE Arnaud,BLAYE Arnaud,assets/players/blaye-arnaud.png,assets/flags/fr.png,assets/clubs/default.png,,#111827
BOCHAND Audrey,BOCHAND Audrey,assets/players/bochand-audrey.png,assets/flags/fr.png,assets/clubs/lyon.png,Lyon,#1D4ED8
BOCHAND Suzanne,BOCHAND Suzanne,assets/players/bochand-suzanne.png,assets/flags/fr.png,assets/clubs/lyon.png,Lyon,#1D4ED8
BOISUMEAU Ghislaine,BOISUMEAU Ghislaine,assets/players/boisumeau-ghislaine.png,assets/flags/fr.png,assets/clubs/niort.png,Niort,#0F766E
BOLKA Jimmy,BOLKA Jimmy,assets/players/bolka-jimmy.png,assets/flags/fr.png,assets/clubs/villeneuve-dascq.png,Villeneuve d'Ascq,#DC2626
BOLLE Marie-Jo,BOLLE Marie-Jo,assets/players/bolle-marie-jo.png,assets/flags/fr.png,assets/clubs/dunkerque.png,Dunkerque,#DC2626
BOLOGNE Jacques,BOLOGNE Jacques,assets/players/bologne-jacques.png,assets/flags/fr.png,assets/clubs/default.png,,#444444
BONJOUR Dominique,BONJOUR Dominique,assets/players/bonjour-dominique.png,assets/flags/fr.png,assets/clubs/gleize.png,Gleizé,#1D4ED8
BONTHOUX Julien,BONTHOUX Julien,assets/players/bonthoux-julien.png,assets/flags/fr.png,assets/clubs/default.png,,#1D4ED8
BONY Alan,BONY Alan,assets/players/bony-alan.png,assets/flags/fr.png,assets/clubs/le-creusot.png,Le Creusot,#7C3AED
BOSSARD Lucette,BOSSARD Lucette,assets/players/bossard-lucette.png,assets/flags/fr.png,assets/clubs/default.png,,#444444
BOSSEMAN Sébastien,BOSSEMAN Sébastien,assets/players/bosseman-sebastien.png,assets/flags/fr.png,assets/clubs/default.png,,#444444
BOSSER Vincent,BOSSER Vincent,assets/players/bosser-vincent.png,assets/flags/fr.png,assets/clubs/caen.png,Caen,#2563EB
BOUCHET Brigitte,BOUCHET Brigitte,assets/players/bouchet-brigitte.png,assets/flags/fr.png,assets/clubs/default.png,,#444444
BOUCHEZ Patrick,BOUCHEZ Patrick,assets/players/bouchez-patrick.png,assets/flags/fr.png,assets/clubs/lyon.png,Lyon,#1D4ED8
BOUKALA Pascal,BOUKALA Pascal,assets/players/boukala-pascal.png,assets/flags/fr.png,assets/clubs/default.png,,#444444
BOULESTEIX Claude,BOULESTEIX Claude,assets/players/boulesteix-claude.png,assets/flags/fr.png,assets/clubs/saint-priest-en-jarez.png,Saint-Priest-en-Jarez,#1D4ED8
BOULICOT Christine,BOULICOT Christine,assets/players/boulicot-christine.png,assets/flags/fr.png,assets/clubs/durtol.png,Durtol,#1D4ED8
BOUQUIAUX Christel,BOUQUIAUX Christel,assets/players/bouquiaux-christel.png,assets/flags/fr.png,assets/clubs/default.png,,#444444
BOURGEON Céline,BOURGEON Céline,assets/players/bourgeon-celine.png,assets/flags/fr.png,assets/clubs/la-roche-sur-yon.png,La Roche-sur-Yon,#0F766E
BOURGEON Didier,BOURGEON Didier,assets/players/bourgeon-didier.png,assets/flags/fr.png,assets/clubs/domerat.png,Domérat,#1D4ED8
BOURMEAU Annick,BOURMEAU Annick,assets/players/bourmeau-annick.png,assets/flags/fr.png,assets/clubs/default.png,,#444444
BOUSSUGE Nadia,BOUSSUGE Nadia,assets/players/boussuge-nadia.png,assets/flags/fr.png,assets/clubs/saint-flour.png,Saint-Flour,#1D4ED8
BOUVET Jocelyne,BOUVET Jocelyne,assets/players/bouvet-jocelyne.png,assets/flags/fr.png,assets/clubs/default.png,,#444444
BOUVIER Louise,BOUVIER Louise,assets/players/bouvier-louise.png,assets/flags/fr.png,assets/clubs/default.png,,#444444
BRAGANTI Patrick,BRAGANTI Patrick,assets/players/braganti-patrick.png,assets/flags/fr.png,assets/clubs/laxou.png,Laxou,#7C3AED
BRASSET Catherine,BRASSET Catherine,assets/players/brasset-catherine.png,assets/flags/fr.png,assets/clubs/default.png,,#444444
BRENEZ Alain,BRENEZ Alain,assets/players/brenez-alain.png,assets/flags/be.png,assets/clubs/dour.png,Dour,#F59E0B
BRET Sébastien,BRET Sébastien,assets/players/bret-sebastien.png,assets/flags/fr.png,assets/clubs/saint-martin-dheres.png,Saint-Martin-d'Hères,#1D4ED8
BRIOT Michèle,BRIOT Michèle,assets/players/briot-michele.png,assets/flags/fr.png,assets/clubs/viileneuve-dascq.png,Viileneuve d'Ascq,#DC2626
BROSSEAU Dany,BROSSEAU Dany,assets/players/brosseau-dany.png,assets/flags/fr.png,assets/clubs/tarbes-nord.png,Tarbes-Nord,#EA580C
BUISSET Geneviève,BUISSET Geneviève,assets/players/buisset-genevieve.png,assets/flags/fr.png,assets/clubs/default.png,,#444444
BUNOUF Corentin,BUNOUF Corentin,assets/players/bunouf-corentin.png,assets/flags/fr.png,assets/clubs/viroflay.png,Viroflay,#111827
BUY Franco,BUY Franco,assets/players/buy-franco.png,assets/flags/fr.png,assets/clubs/default.png,,#444444
BÉLANGÉ Chantal,BÉLANGÉ Chantal,assets/players/belange-chantal.png,assets/flags/fr.png,assets/clubs/default.png,,#444444
BÉLARD Michel,BÉLARD Michel,assets/players/belard-michel.png,assets/flags/fr.png,assets/clubs/domerat.png,Domérat,#1D4ED8
BÉRAUD Jean-Pierre,BÉRAUD Jean-Pierre,assets/players/beraud-jean-pierre.png,assets/flags/fr.png,assets/clubs/default.png,,#1D4ED8
BÉRAUD Monique,BÉRAUD Monique,assets/players/beraud-monique.png,assets/flags/fr.png,assets/clubs/lyon.png,Lyon,#1D4ED8
BÉROUD-BLANC Irène,BÉROUD-BLANC Irène,assets/players/beroud-blanc-irene.png,assets/flags/fr.png,assets/clubs/tarare.png,Tarare,#1D4ED8
CABANE Hélène,CABANE Hélène,assets/players/cabane-helene.png,assets/flags/fr.png,assets/clubs/default.png,,#444444
CABIRO Janine,CABIRO Janine,assets/players/cabiro-janine.png,assets/flags/fr.png,assets/clubs/default.png,,#444444
CADIOU Éric,CADIOU Éric,assets/players/cadiou-eric.png,assets/flags/fr.png,assets/clubs/brest.png,Brest,#2563EB
CAILLOT Josiane,CAILLOT Josiane,assets/players/caillot-josiane.png,assets/flags/fr.png,assets/clubs/default.png,,#444444
CALAIS Jean-Manuel,CALAIS Jean-Manuel,assets/players/calais-jean-manuel.png,assets/flags/fr.png,assets/clubs/default.png,,#111827
CALIFICE Christine,CALIFICE Christine,assets/players/califice-christine.png,assets/flags/be.png,assets/clubs/montegnee.png,Montegnée,#F59E0B
CAMBLONCQ Thierry,CAMBLONCQ Thierry,assets/players/cambloncq-thierry.png,assets/flags/fr.png,assets/clubs/pau.png,,#EA580C
CAPPELLE Rémy,CAPPELLE Rémy,assets/players/cappelle-remy.png,assets/flags/fr.png,assets/clubs/default.png,,#444444
CARIOU Marie-Aude,CARIOU Marie-Aude,assets/players/cariou-marie-aude.png,assets/flags/fr.png,assets/clubs/vannes.png,Vannes,#0F766E
CARLIER Bruno,CARLIER Bruno,assets/players/carlier-bruno.png,assets/flags/fr.png,assets/clubs/default.png,,#444444
CARTALLIER Érick,CARTALLIER Érick,assets/players/cartallier-erick.png,assets/flags/fr.png,assets/clubs/default.png,,#444444
CARTAULT Jean-Louis,CARTAULT Jean-Louis,assets/players/cartault-jean-louis.png,assets/flags/fr.png,assets/clubs/default.png,,#444444
CASTELIN Laurence,CASTELIN Laurence,assets/players/castelin-laurence.png,assets/flags/fr.png,assets/clubs/default.png,,#444444
CASTELIN Mathieu,CASTELIN Mathieu,assets/players/castelin-mathieu.png,assets/flags/fr.png,assets/clubs/default.png,,#444444
CASTELIN Maxime,CASTELIN Maxime,assets/players/castelin-maxime.png,assets/flags/fr.png,assets/clubs/default.png,,#444444
CELLIER Bernard,CELLIER Bernard,assets/players/cellier-bernard.png,assets/flags/fr.png,assets/clubs/gleize.png,Gleizé,#1D4ED8
CELLIER Nicolas,CELLIER Nicolas,assets/players/cellier-nicolas.png,assets/flags/fr.png,assets/clubs/default.png,,#444444
CERCIO Denise,CERCIO Denise,assets/players/cercio-denise.png,assets/flags/fr.png,assets/clubs/la-ciotat.png,La Ciotat,#DB2777
CHAIGNEAU Sylvie,CHAIGNEAU Sylvie,assets/players/chaigneau-sylvie.png,assets/flags/fr.png,assets/clubs/le-havre.png,Le Havre,#2563EB
CHAIZE Joël,CHAIZE Joël,assets/players/chaize-joel.png,assets/flags/fr.png,assets/clubs/default.png,,#1D4ED8
CHAPELET Anne,CHAPELET Anne,assets/players/chapelet-anne.png,assets/flags/fr.png,assets/clubs/default.png,,#444444
CHAPELIN Danielle,CHAPELIN Danielle,assets/players/chapelin-danielle.png,assets/flags/fr.png,assets/clubs/saint-priest-en-jarez.png,Saint-Priest-en-Jarez,#1D4ED8
CHARVIER Jean-Baptiste,CHARVIER Jean-Baptiste,assets/players/charvier-jean-baptiste.png,assets/flags/fr.png,assets/clubs/default.png,,#1D4ED8
CHASSARD Alexandre,CHASSARD Alexandre,assets/players/chassard-alexandre.png,assets/flags/fr.png,assets/clubs/lyon.png,Lyon,#1D4ED8
CHASSIGNEUX Carine,CHASSIGNEUX Carine,assets/players/chassigneux-carine.png,assets/flags/fr.png,assets/clubs/default.png,,#DB2777
CHASSIGNOL Édith,CHASSIGNOL Édith,assets/players/chassignol-edith.png,assets/flags/fr.png,assets/clubs/tarare.png,Tarare,#1D4ED8
CHESNEAU Michel,CHESNEAU Michel,assets/players/chesneau-michel.png,assets/flags/be.png,assets/clubs/default.png,,#F59E0B
CHEVROLLIER Pascal,CHEVROLLIER Pascal,assets/players/chevrollier-pascal.png,assets/flags/fr.png,assets/clubs/cholet.png,Cholet,#0F766E
CHIBAH Kamel,CHIBAH Kamel,assets/players/chibah-kamel.png,assets/flags/fr.png,assets/clubs/durtol.png,Durtol,#1D4ED8
CHIRIO Nicole,CHIRIO Nicole,assets/players/chirio-nicole.png,assets/flags/fr.png,assets/clubs/default.png,,#444444
CHIROUSE Micheline,CHIROUSE Micheline,assets/players/chirouse-micheline.png,assets/flags/fr.png,assets/clubs/royan.png,Royan,#0F766E
CHOLLET Véronique,CHOLLET Véronique,assets/players/chollet-veronique.png,assets/flags/fr.png,assets/clubs/saint-priest-en-jarez.png,Saint-Priest-en-Jarez,#1D4ED8
CHOUFFART André,CHOUFFART André,assets/players/chouffart-andre.png,assets/flags/fr.png,assets/clubs/default.png,,#444444
CHÂTELAIN Maryse,CHÂTELAIN Maryse,assets/players/chatelain-maryse.png,assets/flags/fr.png,assets/clubs/viileneuve-dascq.png,Viileneuve d'Ascq,#DC2626
CLAUS Quentin,CLAUS Quentin,assets/players/claus-quentin.png,assets/flags/be.png,assets/clubs/bruxelles.png,Bruxelles,#F59E0B
CLÉRO Mona,CLÉRO Mona,assets/players/clero-mona.png,assets/flags/fr.png,assets/clubs/vannes.png,Vannes,#0F766E
COBET Patrice,COBET Patrice,assets/players/cobet-patrice.png,assets/flags/fr.png,assets/clubs/default.png,,#444444
COHEN Joëlle,COHEN Joëlle,assets/players/cohen-joelle.png,assets/flags/fr.png,assets/clubs/default.png,,#444444
COHEN René,COHEN René,assets/players/cohen-rene.png,assets/flags/fr.png,assets/clubs/default.png,,#444444
COLARD Jacques,COLARD Jacques,assets/players/colard-jacques.png,assets/flags/fr.png,assets/clubs/saint-martin-dheres.png,Saint-Martin-d'Hères,#1D4ED8
COMBE Christiane,COMBE Christiane,assets/players/combe-christiane.png,assets/flags/fr.png,assets/clubs/default.png,,#444444
COMBES Pascale,COMBES Pascale,assets/players/combes-pascale.png,assets/flags/fr.png,assets/clubs/default.png,,#444444
COMPERNOLLE Claude,COMPERNOLLE Claude,assets/players/compernolle-claude.png,assets/flags/fr.png,assets/clubs/default.png,,#444444
COMTE Aurélien,COMTE Aurélien,assets/players/comte-aurelien.png,assets/flags/fr.png,assets/clubs/default.png,,#444444
COMÈS Stéphane,COMÈS Stéphane,assets/players/comes-stephane.png,assets/flags/be.png,assets/clubs/bruxelles.png,Bruxelles,#F59E0B
CONSTANCIEN Christian,CONSTANCIEN Christian,assets/players/constancien-christian.png,assets/flags/fr.png,assets/clubs/default.png,,#444444
CORDIER Killian,CORDIER Killian,assets/players/cordier-killian.png,assets/flags/be.png,assets/clubs/chimay.png,Chimay,#F59E0B
CORNANT Monique,CORNANT Monique,assets/players/cornant-monique.png,assets/flags/be.png,assets/clubs/dour.png,Dour,#F59E0B
CORNOT Rémi,CORNOT Rémi,assets/players/cornot-remi.png,assets/flags/fr.png,assets/clubs/default.png,,#444444
CORNOUILLER Bruno,CORNOUILLER Bruno,assets/players/cornouiller-bruno.png,assets/flags/be.png,assets/clubs/default.png,,#F59E0B
CORNOUILLER Héloïse,CORNOUILLER Héloïse,assets/players/cornouiller-heloise.png,assets/flags/be.png,assets/clubs/default.png,,#F59E0B
CORREIA Lucienne,CORREIA Lucienne,assets/players/correia-lucienne.png,assets/flags/fr.png,assets/clubs/default.png,,#444444
COSTE Denis,COSTE Denis,assets/players/coste-denis.png,assets/flags/fr.png,assets/clubs/default.png,,#DB2777
COTTET Alexi,COTTET Alexi,assets/players/cottet-alexi.png,assets/flags/fr.png,assets/clubs/default.png,,#444444
COUBLUCQ Alain,COUBLUCQ Alain,assets/players/coublucq-alain.png,assets/flags/fr.png,assets/clubs/default.png,,#444444
COUMES Joël,COUMES Joël,assets/players/coumes-joel.png,assets/flags/fr.png,assets/clubs/default.png,,#444444
COURAYE DU PARC Marie-Thérèse,COURAYE DU PARC Marie-Thérèse,assets/players/couraye-du-parc-marie-therese.png,assets/flags/fr.png,assets/clubs/default.png,,#444444
COURBI Olivier,COURBI Olivier,assets/players/courbi-olivier.png,assets/flags/fr.png,assets/clubs/default.png,,#DB2777
COUTAREL Émilie,COUTAREL Émilie,assets/players/coutarel-emilie.png,assets/flags/fr.png,assets/clubs/saint-flour.png,Saint-Flour,#1D4ED8
COUTURE Didier,COUTURE Didier,assets/players/couture-didier.png,assets/flags/fr.png,assets/clubs/default.png,,#444444
CROCHET Dominique,CROCHET Dominique,assets/players/crochet-dominique.png,assets/flags/fr.png,assets/clubs/default.png,,#444444
DA SILVA Cédric,DA SILVA Cédric,assets/players/da-silva-cedric.png,assets/flags/fr.png,assets/clubs/dijon.png,Dijon,#7C3AED
DAGUISÉ Bernard,DAGUISÉ Bernard,assets/players/daguise-bernard.png,assets/flags/fr.png,assets/clubs/default.png,,#444444
DAILLY Bernard,DAILLY Bernard,assets/players/dailly-bernard.png,assets/flags/fr.png,assets/clubs/default.png,,#444444
DALLET Gilbert,DALLET Gilbert,assets/players/dallet-gilbert.png,assets/flags/fr.png,assets/clubs/verrines-sous-celles.png,Verrines-sous-Celles,#0F766E
DALLET Sylvette,DALLET Sylvette,assets/players/dallet-sylvette.png,assets/flags/fr.png,assets/clubs/verrines-sous-celles.png,Verrines-sous-Celles,#0F766E
DAMBRE Bruno,DAMBRE Bruno,assets/players/dambre-bruno.png,assets/flags/fr.png,assets/clubs/default.png,,#DC2626
DANDURAN Claude,DANDURAN Claude,assets/players/danduran-claude.png,assets/flags/fr.png,assets/clubs/default.png,,#444444
DARDENNE Chantal,DARDENNE Chantal,assets/players/dardenne-chantal.png,assets/flags/fr.png,assets/clubs/default.png,,#444444
DARIDAN Daniel,DARIDAN Daniel,assets/players/daridan-daniel.png,assets/flags/fr.png,assets/clubs/toulouse.png,Toulouse,#EA580C
DARIDAN Yvaine,DARIDAN Yvaine,assets/players/daridan-yvaine.png,assets/flags/fr.png,assets/clubs/toulouse.png,Toulouse,#EA580C
DAVESNE Thérèse,DAVESNE Thérèse,assets/players/davesne-therese.png,assets/flags/fr.png,assets/clubs/la-roche-sur-yon.png,La Roche-sur-Yon,#0F766E
DAVID Marie-France,DAVID Marie-France,assets/players/david-marie-france.png,assets/flags/fr.png,assets/clubs/default.png,,#444444
DE COCK Évelyne,DE COCK Évelyne,assets/players/de-cock-evelyne.png,assets/flags/fr.png,assets/clubs/epernay.png,Épernay,#7C3AED
DE COURTILLOLES Marie-Laurence,DE COURTILLOLES Marie-Laurence,assets/players/de-courtilloles-marie-laurence.png,assets/flags/fr.png,assets/clubs/default.png,,#444444
DE LA CORBIÈRE Geneviève,DE LA CORBIÈRE Geneviève,assets/players/de-la-corbiere-genevieve.png,assets/flags/fr.png,assets/clubs/default.png,,#444444
DE MAZANCOURT Pierre,DE MAZANCOURT Pierre,assets/players/de-mazancourt-pierre.png,assets/flags/fr.png,assets/clubs/default.png,,#444444
DEHIER Jacques,DEHIER Jacques,assets/players/dehier-jacques.png,assets/flags/fr.png,assets/clubs/royan.png,Royan,#0F766E
DELANOË Marylène,DELANOË Marylène,assets/players/delanoe-marylene.png,assets/flags/fr.png,assets/clubs/default.png,,#444444
DELAUNAY Danièle,DELAUNAY Danièle,assets/players/delaunay-daniele.png,assets/flags/fr.png,assets/clubs/default.png,,#444444
DELAVAL Olivier,DELAVAL Olivier,assets/players/delaval-olivier.png,assets/flags/fr.png,assets/clubs/default.png,,#444444
DELORME Jean-Pierre,DELORME Jean-Pierre,assets/players/delorme-jean-pierre.png,assets/flags/fr.png,assets/clubs/peronnas.png,Péronnas,#1D4ED8
DELZENNE Philippe,DELZENNE Philippe,assets/players/delzenne-philippe.png,assets/flags/fr.png,assets/clubs/viileneuve-dascq.png,Viileneuve d'Ascq,#DC2626
DEMANGE Jean-François,DEMANGE Jean-François,assets/players/demange-jean-francois.png,assets/flags/fr.png,assets/clubs/default.png,,#444444
DENIAU Michel,DENIAU Michel,assets/players/deniau-michel.png,assets/flags/fr.png,assets/clubs/paris.png,Paris,#111827
DENIS Christine,DENIS Christine,assets/players/denis-christine.png,assets/flags/fr.png,assets/clubs/default.png,,#444444
DENIS Pascal,DENIS Pascal,assets/players/denis-pascal.png,assets/flags/fr.png,assets/clubs/default.png,,#444444
DENIS Thierry,DENIS Thierry,assets/players/denis-thierry.png,assets/flags/fr.png,assets/clubs/saint-priest-en-jarez.png,Saint-Priest-en-Jarez,#1D4ED8
DENIZET Catherine,DENIZET Catherine,assets/players/denizet-catherine.png,assets/flags/fr.png,assets/clubs/vannes.png,Vannes,#0F766E
DENOUAL Marie-Christine,DENOUAL Marie-Christine,assets/players/denoual-marie-christine.png,assets/flags/fr.png,assets/clubs/default.png,,#444444
DERLON Josiane,DERLON Josiane,assets/players/derlon-josiane.png,assets/flags/fr.png,assets/clubs/default.png,,#444444
DEROUVROY Odile,DEROUVROY Odile,assets/players/derouvroy-odile.png,assets/flags/fr.png,assets/clubs/domerat.png,Domérat,#1D4ED8
DESCHEPPER Jocelyne,DESCHEPPER Jocelyne,assets/players/deschepper-jocelyne.png,assets/flags/fr.png,assets/clubs/dijon.png,Dijon,#1D4ED8
DESCHILDRE Catherine,DESCHILDRE Catherine,assets/players/deschildre-catherine.png,assets/flags/fr.png,assets/clubs/default.png,,#444444
DESCHILDRE Jean-Jacques,DESCHILDRE Jean-Jacques,assets/players/deschildre-jean-jacques.png,assets/flags/fr.png,assets/clubs/default.png,,#444444
DESLAIS Jean-Luc,DESLAIS Jean-Luc,assets/players/deslais-jean-luc.png,assets/flags/fr.png,assets/clubs/fontenay-sous-bois.png,Fontenay-sous-Bois,#111827
DESOIGNIES Daniel,DESOIGNIES Daniel,assets/players/desoignies-daniel.png,assets/flags/fr.png,assets/clubs/default.png,,#444444
DEVAULT Xavier,DEVAULT Xavier,assets/players/devault-xavier.png,assets/flags/fr.png,assets/clubs/saint-lo.png,Saint-Lô,#2563EB
DEVAUX Denis,DEVAUX Denis,assets/players/devaux-denis.png,assets/flags/fr.png,assets/clubs/le-havre.png,Le Havre,#2563EB
DEVERGIE Jean-Pierre,DEVERGIE Jean-Pierre,assets/players/devergie-jean-pierre.png,assets/flags/fr.png,assets/clubs/default.png,,#DC2626
DEVOUASSOUX Axel,DEVOUASSOUX Axel,assets/players/devouassoux-axel.png,assets/flags/fr.png,assets/clubs/default.png,,#444444
DI GIOSIA Pasquale,DI GIOSIA Pasquale,assets/players/di-giosia-pasquale.png,assets/flags/fr.png,assets/clubs/default.png,,#444444
DIDIERJEAN Daniel,DIDIERJEAN Daniel,assets/players/didierjean-daniel.png,assets/flags/fr.png,assets/clubs/default.png,,#444444
DINOMAIS Hervé,DINOMAIS Hervé,assets/players/dinomais-herve.png,assets/flags/fr.png,assets/clubs/reze.png,Rezé,#059669
DOLY Christian,DOLY Christian,assets/players/doly-christian.png,assets/flags/fr.png,assets/clubs/default.png,,#1D4ED8
DONALISIO Christine,DONALISIO Christine,assets/players/donalisio-christine.png,assets/flags/fr.png,assets/clubs/default.png,,#444444
DORÉE Guillaume,DORÉE Guillaume,assets/players/doree-guillaume.png,assets/flags/fr.png,assets/clubs/default.png,,#444444
DOUARRE Muguette,DOUARRE Muguette,assets/players/douarre-muguette.png,assets/flags/fr.png,assets/clubs/ambert.png,Ambert,#1D4ED8
DOUMERC Nicole,DOUMERC Nicole,assets/players/doumerc-nicole.png,assets/flags/fr.png,assets/clubs/default.png,,#444444
DREMIER Cécile,DREMIER Cécile,assets/players/dremier-cecile.png,assets/flags/be.png,assets/clubs/default.png,,#F59E0B
DRIVIÈRE Christian,DRIVIÈRE Christian,assets/players/driviere-christian.png,assets/flags/fr.png,assets/clubs/default.png,,#444444
DROUILLET Suzanne,DROUILLET Suzanne,assets/players/drouillet-suzanne.png,assets/flags/fr.png,assets/clubs/default.png,,#444444
DUBO Michèle,DUBO Michèle,assets/players/dubo-michele.png,assets/flags/fr.png,assets/clubs/default.png,,#444444
DUBOIS Constance,DUBOIS Constance,assets/players/dubois-constance.png,assets/flags/fr.png,assets/clubs/viroflay.png,Viroflay,#111827
DUBOIS Estelle,DUBOIS Estelle,assets/players/dubois-estelle.png,assets/flags/fr.png,assets/clubs/default.png,,#444444
DUBOIS Pierre,DUBOIS Pierre,assets/players/dubois-pierre.png,assets/flags/fr.png,assets/clubs/saint-quentin.png,Saint-Quentin,#DC2626
DUBRAY Yannick,DUBRAY Yannick,assets/players/dubray-yannick.png,assets/flags/fr.png,assets/clubs/fontenay-sous-bois.png,Fontenay-sous-Bois,#111827
DUBUIS Christian,DUBUIS Christian,assets/players/dubuis-christian.png,assets/flags/fr.png,assets/clubs/toulouse.png,Toulouse,#EA580C
DUCHAINE Laurent,DUCHAINE Laurent,assets/players/duchaine-laurent.png,assets/flags/fr.png,assets/clubs/tarbes-nord.png,Tarbes-Nord,#EA580C
DUCLOUX Brian,DUCLOUX Brian,assets/players/ducloux-brian.png,assets/flags/fr.png,assets/clubs/default.png,,#444444
DUDOME Georges,DUDOME Georges,assets/players/dudome-georges.png,assets/flags/be.png,assets/clubs/chimay.png,Chimay,#F59E0B
DUMAS Emmanuel,DUMAS Emmanuel,assets/players/dumas-emmanuel.png,assets/flags/fr.png,assets/clubs/lyon.png,Lyon,#1D4ED8
DUMAS Geneviève,DUMAS Geneviève,assets/players/dumas-genevieve.png,assets/flags/fr.png,assets/clubs/lyon.png,Lyon,#1D4ED8
DUMONCEAU Frédéric,DUMONCEAU Frédéric,assets/players/dumonceau-frederic.png,assets/flags/be.png,assets/clubs/default.png,,#F59E0B
DUNEZ Christophe,DUNEZ Christophe,assets/players/dunez-christophe.png,assets/flags/fr.png,assets/clubs/default.png,,#444444
DUPIC Jacques,DUPIC Jacques,assets/players/dupic-jacques.png,assets/flags/fr.png,assets/clubs/la-roche-sur-yon.png,La Roche-sur-Yon,#0F766E
DUPIRE Jacques,DUPIRE Jacques,assets/players/dupire-jacques.png,assets/flags/fr.png,assets/clubs/default.png,,#444444
DUPONCHEL Jérôme,DUPONCHEL Jérôme,assets/players/duponchel-jerome.png,assets/flags/fr.png,assets/clubs/default.png,,#1D4ED8
DUPORT Damien,DUPORT Damien,assets/players/duport-damien.png,assets/flags/fr.png,assets/clubs/default.png,,#1D4ED8
DUPUY Nathalie,DUPUY Nathalie,assets/players/dupuy-nathalie.png,assets/flags/fr.png,assets/clubs/toulouse.png,Toulouse,#DB2777
DURAND Catherine,DURAND Catherine,assets/players/durand-catherine.png,assets/flags/fr.png,assets/clubs/luce.png,Lucé,#111827
DURAND Emmanuel,DURAND Emmanuel,assets/players/durand-emmanuel.png,assets/flags/fr.png,assets/clubs/sainte-jamme-le-mans.png,Sainte-Jamme-le-Mans,#2563EB
DURAND Jean-Marc,DURAND Jean-Marc,assets/players/durand-jean-marc.png,assets/flags/fr.png,assets/clubs/laxou.png,Laxou,#7C3AED
DURAND Michèle,DURAND Michèle,assets/players/durand-michele.png,assets/flags/fr.png,assets/clubs/ambert.png,Ambert,#1D4ED8
DUTERTRE Brigitte,DUTERTRE Brigitte,assets/players/dutertre-brigitte.png,assets/flags/fr.png,assets/clubs/default.png,,#444444
DUVAL Guillaume,DUVAL Guillaume,assets/players/duval-guillaume.png,assets/flags/fr.png,assets/clubs/default.png,,#444444
DUVAL Philippe,DUVAL Philippe,assets/players/duval-philippe.png,assets/flags/fr.png,assets/clubs/default.png,,#444444
ELIE Christine,ELIE Christine,assets/players/elie-christine.png,assets/flags/fr.png,assets/clubs/default.png,,#444444
ENCARNACAO Daniel,ENCARNACAO Daniel,assets/players/encarnacao-daniel.png,assets/flags/fr.png,assets/clubs/default.png,,#444444
ENDELIN Marie,ENDELIN Marie,assets/players/endelin-marie.png,assets/flags/fr.png,assets/clubs/royan.png,Royan,#0F766E
ESCALLON Danielle,ESCALLON Danielle,assets/players/escallon-danielle.png,assets/flags/fr.png,assets/clubs/saint-martin-dheres.png,Saint-Martin-d'Hères,#1D4ED8
ESCRIVA Marie-Claire,ESCRIVA Marie-Claire,assets/players/escriva-marie-claire.png,assets/flags/fr.png,assets/clubs/default.png,,#444444
ESKENAZI David,ESKENAZI David,assets/players/eskenazi-david.png,assets/flags/fr.png,assets/clubs/default.png,,#444444
FARIGOUL Nadine,FARIGOUL Nadine,assets/players/farigoul-nadine.png,assets/flags/fr.png,assets/clubs/default.png,,#444444
FAUQUEMBERGUE Sylvestre,FAUQUEMBERGUE Sylvestre,assets/players/fauquembergue-sylvestre.png,assets/flags/fr.png,assets/clubs/default.png,,#444444
FAURE Chrystel,FAURE Chrystel,assets/players/faure-chrystel.png,assets/flags/fr.png,assets/clubs/default.png,,#444444
FAURE Gilles,FAURE Gilles,assets/players/faure-gilles.png,assets/flags/fr.png,assets/clubs/tarare.png,Tarare,#1D4ED8
FAURE Sylvie,FAURE Sylvie,assets/players/faure-sylvie.png,assets/flags/fr.png,assets/clubs/default.png,,#444444
FAUVEL Maurice,FAUVEL Maurice,assets/players/fauvel-maurice.png,assets/flags/fr.png,assets/clubs/default.png,,#6B7280
FAYOLA Martine,FAYOLA Martine,assets/players/fayola-martine.png,assets/flags/fr.png,assets/clubs/default.png,,#444444
FERRET Romain,FERRET Romain,assets/players/ferret-romain.png,assets/flags/fr.png,assets/clubs/toulouse.png,Toulouse,#EA580C
FIÉVET Anne-Marie,FIÉVET Anne-Marie,assets/players/fievet-anne-marie.png,assets/flags/fr.png,assets/clubs/default.png,,#444444
FLAHAUT Francis,FLAHAUT Francis,assets/players/flahaut-francis.png,assets/flags/fr.png,assets/clubs/saint-martin-au-laert.png,Saint-Martin-au-Laert,#DC2626
FLORET Joël,FLORET Joël,assets/players/floret-joel.png,assets/flags/fr.png,assets/clubs/default.png,,#DC2626
FOLTZ Laurent,FOLTZ Laurent,assets/players/foltz-laurent.png,assets/flags/fr.png,assets/clubs/strasbourg.png,Strasbourg,#7C3AED
FONTANIÈRE Jean,FONTANIÈRE Jean,assets/players/fontaniere-jean.png,assets/flags/fr.png,assets/clubs/default.png,,#1D4ED8
FONTANIÈRE Yvonne,FONTANIÈRE Yvonne,assets/players/fontaniere-yvonne.png,assets/flags/fr.png,assets/clubs/default.png,,#1D4ED8
FONTENAY Philippe,FONTENAY Philippe,assets/players/fontenay-philippe.png,assets/flags/fr.png,assets/clubs/default.png,,#444444
FONTESSE Agnès,FONTESSE Agnès,assets/players/fontesse-agnes.png,assets/flags/fr.png,assets/clubs/default.png,,#444444
FOSSERIES David,FOSSERIES David,assets/players/fosseries-david.png,assets/flags/fr.png,assets/clubs/tarbes.png,Tarbes,#EA580C
FOUACHE Patrice,FOUACHE Patrice,assets/players/fouache-patrice.png,assets/flags/fr.png,assets/clubs/default.png,,#444444
FOUQUES Francine,FOUQUES Francine,assets/players/fouques-francine.png,assets/flags/fr.png,assets/clubs/default.png,,#444444
FOUQUET Maryse,FOUQUET Maryse,assets/players/fouquet-maryse.png,assets/flags/fr.png,assets/clubs/default.png,,#444444
FOURY Christian,FOURY Christian,assets/players/foury-christian.png,assets/flags/fr.png,assets/clubs/paris.png,Paris,#111827
FOURY Jean-Jacques,FOURY Jean-Jacques,assets/players/foury-jean-jacques.png,assets/flags/fr.png,assets/clubs/saint-priest-en-jarez.png,Saint-Priest-en-Jarez,#1D4ED8
FOURY Véronique,FOURY Véronique,assets/players/foury-veronique.png,assets/flags/fr.png,assets/clubs/paris.png,Paris,#111827
FRADIN Marie-José,FRADIN Marie-José,assets/players/fradin-marie-jose.png,assets/flags/fr.png,assets/clubs/default.png,,#444444
FRANÇOIS Corinne,FRANÇOIS Corinne,assets/players/francois-corinne.png,assets/flags/be.png,assets/clubs/dour.png,Dour,#F59E0B
FRANÇOIS Michel,FRANÇOIS Michel,assets/players/francois-michel.png,assets/flags/fr.png,assets/clubs/default.png,,#444444
FRICAUD Hélène,FRICAUD Hélène,assets/players/fricaud-helene.png,assets/flags/fr.png,assets/clubs/tarare.png,Tarare,#1D4ED8
FRITSCH Pascal,FRITSCH Pascal,assets/players/fritsch-pascal.png,assets/flags/fr.png,assets/clubs/strasbourg.png,Strasbourg,#7C3AED
FROMONT Benjamin,FROMONT Benjamin,assets/players/fromont-benjamin.png,assets/flags/fr.png,assets/clubs/default.png,,#1D4ED8
FRONTEAU Didier,FRONTEAU Didier,assets/players/fronteau-didier.png,assets/flags/fr.png,assets/clubs/luce.png,Lucé,#111827
GABRIELE Hector,GABRIELE Hector,assets/players/gabriele-hector.png,assets/flags/fr.png,assets/clubs/la-valette-du-var.png,La Valette du Var,#DB2777
GADEBOIS Patrick,GADEBOIS Patrick,assets/players/gadebois-patrick.png,assets/flags/fr.png,assets/clubs/domerat.png,Domérat,#1D4ED8
GADUEL Éric,GADUEL Éric,assets/players/gaduel-eric.png,assets/flags/fr.png,assets/clubs/default.png,,#444444
GAGNAIRE Béatrice,GAGNAIRE Béatrice,assets/players/gagnaire-beatrice.png,assets/flags/fr.png,assets/clubs/default.png,,#444444
GALIPAUD Janine,GALIPAUD Janine,assets/players/galipaud-janine.png,assets/flags/fr.png,assets/clubs/la-roche-sur-yon.png,La Roche-sur-Yon,#0F766E
GALLAIS Monique,GALLAIS Monique,assets/players/gallais-monique.png,assets/flags/fr.png,assets/clubs/default.png,,#444444
GAMBART ALLOUCH Arthur,GAMBART ALLOUCH Arthur,assets/players/gambart-allouch-arthur.png,assets/flags/fr.png,assets/clubs/default.png,,#444444
GANE Véronique,GANE Véronique,assets/players/gane-veronique.png,assets/flags/fr.png,assets/clubs/toulouse.png,Toulouse,#EA580C
GAUDIN Fabrice,GAUDIN Fabrice,assets/players/gaudin-fabrice.png,assets/flags/fr.png,assets/clubs/default.png,,#444444
GAUTHIER Wilfrid,GAUTHIER Wilfrid,assets/players/gauthier-wilfrid.png,assets/flags/fr.png,assets/clubs/saint-sulpice-de-royan.png,Saint-Sulpice-de-Royan,#059669
GAVAUDAN Nicole,GAVAUDAN Nicole,assets/players/gavaudan-nicole.png,assets/flags/fr.png,assets/clubs/laxou.png,Laxou,#7C3AED
GAZET Danièle,GAZET Danièle,assets/players/gazet-daniele.png,assets/flags/fr.png,assets/clubs/default.png,,#444444
GENEVOIS Annie,GENEVOIS Annie,assets/players/genevois-annie.png,assets/flags/fr.png,assets/clubs/default.png,,#1D4ED8
GEOFFROIS Josiane,GEOFFROIS Josiane,assets/players/geoffrois-josiane.png,assets/flags/fr.png,assets/clubs/default.png,,#444444
GEORGES Éric,GEORGES Éric,assets/players/georges-eric.png,assets/flags/fr.png,assets/clubs/bon-encontre.png,Bon-Encontre,#EA580C
GEOURJON Claude,GEOURJON Claude,assets/players/geourjon-claude.png,assets/flags/fr.png,assets/clubs/saint-flour.png,Saint-Flour,#1D4ED8
GERMAIN Élyane,GERMAIN Élyane,assets/players/germain-elyane.png,assets/flags/fr.png,assets/clubs/domerat.png,Domérat,#1D4ED8
GESCHIER Marie-Claire,GESCHIER Marie-Claire,assets/players/geschier-marie-claire.png,assets/flags/fr.png,assets/clubs/laxou.png,Laxou,#7C3AED
GETZ Philippe,GETZ Philippe,assets/players/getz-philippe.png,assets/flags/fr.png,assets/clubs/le-havre.png,Le Havre,#2563EB
GIANNONI Philippe,GIANNONI Philippe,assets/players/giannoni-philippe.png,assets/flags/fr.png,assets/clubs/bon-encontre.png,Bon-Encontre,#EA580C
GILLES Yohann,GILLES Yohann,assets/players/gilles-yohann.png,assets/flags/fr.png,assets/clubs/default.png,,#444444
GIRALDON Brigitte,GIRALDON Brigitte,assets/players/giraldon-brigitte.png,assets/flags/fr.png,assets/clubs/saint-flour.png,Saint-Flour,#1D4ED8
GIRARD Cyrille,GIRARD Cyrille,assets/players/girard-cyrille.png,assets/flags/fr.png,assets/clubs/la-roche-sur-yon.png,La Roche-sur-Yon,#0F766E
GIRCOUR Évelyne,GIRCOUR Évelyne,assets/players/gircour-evelyne.png,assets/flags/fr.png,assets/clubs/laxou.png,Laxou,#7C3AED
GIREAUD Thierry,GIREAUD Thierry,assets/players/gireaud-thierry.png,assets/flags/fr.png,assets/clubs/default.png,,#444444
GLONDU Georges,GLONDU Georges,assets/players/glondu-georges.png,assets/flags/fr.png,assets/clubs/default.png,,#444444
GLONDU Stéphane,GLONDU Stéphane,assets/players/glondu-stephane.png,assets/flags/fr.png,assets/clubs/laxou.png,Laxou,#7C3AED
GOBLED Annick,GOBLED Annick,assets/players/gobled-annick.png,assets/flags/fr.png,assets/clubs/default.png,,#444444
GODOY Rudy,GODOY Rudy,assets/players/godoy-rudy.png,assets/flags/fr.png,assets/clubs/default.png,,#444444
GONGASSIAN Michel,GONGASSIAN Michel,assets/players/gongassian-michel.png,assets/flags/fr.png,assets/clubs/default.png,,#444444
GONTARD Serge,GONTARD Serge,assets/players/gontard-serge.png,assets/flags/fr.png,assets/clubs/default.png,,#444444
GONZALEZ Isabelle,GONZALEZ Isabelle,assets/players/gonzalez-isabelle.png,assets/flags/fr.png,assets/clubs/default.png,,#444444
GOSSELIN Serge,GOSSELIN Serge,assets/players/gosselin-serge.png,assets/flags/fr.png,assets/clubs/saint-martin-au-laert.png,Saint-Martin-au-Laert,#DC2626
GOUVE Agnès,GOUVE Agnès,assets/players/gouve-agnes.png,assets/flags/fr.png,assets/clubs/default.png,,#444444
GRANGER Gérard,GRANGER Gérard,assets/players/granger-gerard.png,assets/flags/fr.png,assets/clubs/default.png,,#444444
GRAVERINI Chantal,GRAVERINI Chantal,assets/players/graverini-chantal.png,assets/flags/fr.png,assets/clubs/default.png,,#444444
GRENTE Jean-Charles,GRENTE Jean-Charles,assets/players/grente-jean-charles.png,assets/flags/fr.png,assets/clubs/default.png,,#444444
GRIMAULT Monique,GRIMAULT Monique,assets/players/grimault-monique.png,assets/flags/fr.png,assets/clubs/default.png,,#444444
GRIMAULT Régis,GRIMAULT Régis,assets/players/grimault-regis.png,assets/flags/fr.png,assets/clubs/default.png,,#444444
GRÉARD Jacques,GRÉARD Jacques,assets/players/greard-jacques.png,assets/flags/fr.png,assets/clubs/default.png,,#444444
GUEGUEN Gilbert,GUEGUEN Gilbert,assets/players/gueguen-gilbert.png,assets/flags/fr.png,assets/clubs/brest.png,Brest,#2563EB
GUIBRETEAU Gabrièle,GUIBRETEAU Gabrièle,assets/players/guibreteau-gabriele.png,assets/flags/fr.png,assets/clubs/default.png,,#444444
GUICHARD Miguel,GUICHARD Miguel,assets/players/guichard-miguel.png,assets/flags/fr.png,assets/clubs/default.png,,#444444
GUILCHER Mickaël,GUILCHER Mickaël,assets/players/guilcher-mickael.png,assets/flags/fr.png,assets/clubs/vannes.png,Vannes,#0F766E
GUINOT Christèle,GUINOT Christèle,assets/players/guinot-christele.png,assets/flags/fr.png,assets/clubs/default.png,,#444444
GUYONNET Renée,GUYONNET Renée,assets/players/guyonnet-renee.png,assets/flags/fr.png,assets/clubs/domerat.png,Domérat,#1D4ED8
GÈNE Yves,GÈNE Yves,assets/players/gene-yves.png,assets/flags/fr.png,assets/clubs/fontenay-sous-bois.png,Fontenay-sous-Bois,#111827
GÉRAUT Roland,GÉRAUT Roland,assets/players/geraut-roland.png,assets/flags/fr.png,assets/clubs/fontenay-sous-bois.png,Fontenay-sous-Bois,#111827
HARAKATE Mounem,HARAKATE Mounem,assets/players/harakate-mounem.png,assets/flags/fr.png,assets/clubs/toulouse.png,Toulouse,#EA580C
HARAMBURU Jean-Jacques,HARAMBURU Jean-Jacques,assets/players/haramburu-jean-jacques.png,assets/flags/fr.png,assets/clubs/default.png,,#444444
HARLAY François,HARLAY François,assets/players/harlay-francois.png,assets/flags/fr.png,assets/clubs/default.png,,#DC2626
HARLET Karine,HARLET Karine,assets/players/harlet-karine.png,assets/flags/fr.png,assets/clubs/le-havre.png,Le Havre,#2563EB
HAU Claudine,HAU Claudine,assets/players/hau-claudine.png,assets/flags/fr.png,assets/clubs/default.png,,#444444
HAYT Jean-Louis,HAYT Jean-Louis,assets/players/hayt-jean-louis.png,assets/flags/fr.png,assets/clubs/default.png,,#444444
HAZART Roseline,HAZART Roseline,assets/players/hazart-roseline.png,assets/flags/fr.png,assets/clubs/default.png,,#444444
HENNEUSE Florence,HENNEUSE Florence,assets/players/henneuse-florence.png,assets/flags/fr.png,assets/clubs/default.png,,#444444
HENNEUSE Pascal,HENNEUSE Pascal,assets/players/henneuse-pascal.png,assets/flags/fr.png,assets/clubs/villeneuve-dascq.png,Villeneuve d'Ascq,#DC2626
HERPIN Jacqueline,HERPIN Jacqueline,assets/players/herpin-jacqueline.png,assets/flags/fr.png,assets/clubs/default.png,,#444444
HEUZÉ Pascale,HEUZÉ Pascale,assets/players/heuze-pascale.png,assets/flags/fr.png,assets/clubs/le-havre.png,Le Havre,#2563EB
HORENFELD Nadia,HORENFELD Nadia,assets/players/horenfeld-nadia.png,assets/flags/fr.png,assets/clubs/default.png,,#444444
HUBERT Florence,HUBERT Florence,assets/players/hubert-florence.png,assets/flags/fr.png,assets/clubs/default.png,,#444444
HUGERON Hervé,HUGERON Hervé,assets/players/hugeron-herve.png,assets/flags/fr.png,assets/clubs/default.png,,#444444
HULIN Gaëlle,HULIN Gaëlle,assets/players/hulin-gaelle.png,assets/flags/fr.png,assets/clubs/default.png,,#444444
HUMBERT Marie-Thérèse,HUMBERT Marie-Thérèse,assets/players/humbert-marie-therese.png,assets/flags/fr.png,assets/clubs/default.png,,#444444
HURET Dominique,HURET Dominique,assets/players/huret-dominique.png,assets/flags/fr.png,assets/clubs/vannes.png,Vannes,#0F766E
HÈCHES Laurent,HÈCHES Laurent,assets/players/heches-laurent.png,assets/flags/fr.png,assets/clubs/tarbes.png,Tarbes,#EA580C
HÉRY Bernadette,HÉRY Bernadette,assets/players/hery-bernadette.png,assets/flags/fr.png,assets/clubs/default.png,,#444444
INOUSSA Abdel Hakim,INOUSSA Abdel Hakim,assets/players/inoussa-abdel-hakim.png,assets/flags/fr.png,assets/clubs/fontenay-sous-bois.png,Fontenay-sous-Bois,#111827
JACOUTOT Christiane,JACOUTOT Christiane,assets/players/jacoutot-christiane.png,assets/flags/fr.png,assets/clubs/dijon.png,Dijon,#1D4ED8
JACQUES Pascal,JACQUES Pascal,assets/players/jacques-pascal.png,assets/flags/fr.png,assets/clubs/default.png,,#444444
JEAN Annick,JEAN Annick,assets/players/jean-annick.png,assets/flags/fr.png,assets/clubs/les-oursons.png,Les Oursons,#0F766E
JEAN Carine,JEAN Carine,assets/players/jean-carine.png,assets/flags/fr.png,assets/clubs/les-oursons.png,Les Oursons,#0F766E
JEANCOLAS Cédric,JEANCOLAS Cédric,assets/players/jeancolas-cedric.png,assets/flags/fr.png,assets/clubs/viroflay.png,Viroflay,#111827
JEANMOUGIN Chantal,JEANMOUGIN Chantal,assets/players/jeanmougin-chantal.png,assets/flags/fr.png,assets/clubs/peronnas.png,Péronnas,#1D4ED8
JEDRZEJEWSKI Ézekhiel,JEDRZEJEWSKI Ézekhiel,assets/players/jedrzejewski-ezekhiel.png,assets/flags/fr.png,assets/clubs/default.png,,#444444
JOBY Antoine,JOBY Antoine,assets/players/joby-antoine.png,assets/flags/fr.png,assets/clubs/default.png,,#111827
JOLY Annie,JOLY Annie,assets/players/joly-annie.png,assets/flags/fr.png,assets/clubs/calais.png,Calais,#DC2626
JOMARD Jean-Maurice,JOMARD Jean-Maurice,assets/players/jomard-jean-maurice.png,assets/flags/fr.png,assets/clubs/lyon.png,Lyon,#1D4ED8
JOUBERT Arlette,JOUBERT Arlette,assets/players/joubert-arlette.png,assets/flags/fr.png,assets/clubs/ambert.png,Ambert,#1D4ED8
JOUBERT Josyane,JOUBERT Josyane,assets/players/joubert-josyane.png,assets/flags/fr.png,assets/clubs/default.png,,#444444
JUBIN Monique,JUBIN Monique,assets/players/jubin-monique.png,assets/flags/fr.png,assets/clubs/vannes.png,Vannes,#0F766E
JURY Nicole,JURY Nicole,assets/players/jury-nicole.png,assets/flags/fr.png,assets/clubs/le-creusot.png,Le Creusot,#1D4ED8
JUSTET Myriam,JUSTET Myriam,assets/players/justet-myriam.png,assets/flags/fr.png,assets/clubs/saint-lo.png,Saint-Lô,#2563EB
KABALISA Timeo,KABALISA Timeo,assets/players/kabalisa-timeo.png,assets/flags/fr.png,assets/clubs/default.png,,#444444
KALWAROWSKI Brigitte,KALWAROWSKI Brigitte,assets/players/kalwarowski-brigitte.png,assets/flags/fr.png,assets/clubs/paris.png,Paris,#111827
KERBIRIOU Jean-Luc,KERBIRIOU Jean-Luc,assets/players/kerbiriou-jean-luc.png,assets/flags/fr.png,assets/clubs/default.png,,#111827
KMIECIAK Pierre,KMIECIAK Pierre,assets/players/kmieciak-pierre.png,assets/flags/fr.png,assets/clubs/default.png,,#444444
KOHEN Lucienne,KOHEN Lucienne,assets/players/kohen-lucienne.png,assets/flags/fr.png,assets/clubs/lyon.png,Lyon,#1D4ED8
KOUDJONOU Koffi,KOUDJONOU Koffi,assets/players/koudjonou-koffi.png,assets/flags/fr.png,assets/clubs/le-havre.png,Le Havre,#2563EB
LACOMME Josette,LACOMME Josette,assets/players/lacomme-josette.png,assets/flags/fr.png,assets/clubs/default.png,,#444444
LACOUT Jean-Michel,LACOUT Jean-Michel,assets/players/lacout-jean-michel.png,assets/flags/fr.png,assets/clubs/domerat.png,Domérat,#1D4ED8
LALOÉ Guillaume,LALOÉ Guillaume,assets/players/laloe-guillaume.png,assets/flags/fr.png,assets/clubs/default.png,,#444444
LAMBERT Bernadette,LAMBERT Bernadette,assets/players/lambert-bernadette.png,assets/flags/be.png,assets/clubs/montegnee.png,Montegnée,#F59E0B
LAMOTE Armand,LAMOTE Armand,assets/players/lamote-armand.png,assets/flags/fr.png,assets/clubs/default.png,,#444444
LANDEMAINE Thierry,LANDEMAINE Thierry,assets/players/landemaine-thierry.png,assets/flags/fr.png,assets/clubs/fontenay-sous-bois.png,Fontenay-sous-Bois,#111827
LANDREAU Alain,LANDREAU Alain,assets/players/landreau-alain.png,assets/flags/fr.png,assets/clubs/default.png,,#444444
LANGRAND Patrick,LANGRAND Patrick,assets/players/langrand-patrick.png,assets/flags/fr.png,assets/clubs/default.png,,#444444
LARDIÈRE Karine,LARDIÈRE Karine,assets/players/lardiere-karine.png,assets/flags/fr.png,assets/clubs/default.png,,#DC2626
LARMINIER Hervé,LARMINIER Hervé,assets/players/larminier-herve.png,assets/flags/fr.png,assets/clubs/fontenay-sous-bois.png,Fontenay-sous-Bois,#111827
LAUNAY Monique,LAUNAY Monique,assets/players/launay-monique.png,assets/flags/fr.png,assets/clubs/vannes.png,Vannes,#0F766E
LAVEISSIÈRE Philippe,LAVEISSIÈRE Philippe,assets/players/laveissiere-philippe.png,assets/flags/fr.png,assets/clubs/marseille.png,Marseille,#DB2777
LE BEC Gaël,LE BEC Gaël,assets/players/le-bec-gael.png,assets/flags/fr.png,assets/clubs/default.png,,#444444
LE GOFF Andrée,LE GOFF Andrée,assets/players/le-goff-andree.png,assets/flags/fr.png,assets/clubs/paray-vieille-poste.png,Paray-Vieille-Poste,#111827
LE GUILLOUX Ronan,LE GUILLOUX Ronan,assets/players/le-guilloux-ronan.png,assets/flags/fr.png,assets/clubs/default.png,,#444444
LE MARQUIER Élisabeth,LE MARQUIER Élisabeth,assets/players/le-marquier-elisabeth.png,assets/flags/fr.png,assets/clubs/default.png,,#444444
LE MOAN Annie,LE MOAN Annie,assets/players/le-moan-annie.png,assets/flags/fr.png,assets/clubs/default.png,,#444444
LE QUÉAU Gildas,LE QUÉAU Gildas,assets/players/le-queau-gildas.png,assets/flags/fr.png,assets/clubs/default.png,,#444444
LE TOUZ Nicolas,LE TOUZ Nicolas,assets/players/le-touz-nicolas.png,assets/flags/fr.png,assets/clubs/grand.png,,#0F766E
LEBOURG Bernard,LEBOURG Bernard,assets/players/lebourg-bernard.png,assets/flags/fr.png,assets/clubs/domerat.png,Domérat,#1D4ED8
LEBRAS Alain,LEBRAS Alain,assets/players/lebras-alain.png,assets/flags/fr.png,assets/clubs/default.png,,#444444
LECARPENTIER Stéphane,LECARPENTIER Stéphane,assets/players/lecarpentier-stephane.png,assets/flags/fr.png,assets/clubs/default.png,,#111827
LECLAIR Odile,LECLAIR Odile,assets/players/leclair-odile.png,assets/flags/fr.png,assets/clubs/default.png,,#444444
LECLERCQ Nicole,LECLERCQ Nicole,assets/players/leclercq-nicole.png,assets/flags/be.png,assets/clubs/dour.png,Dour,#F59E0B
LECLÈRE Christophe,LECLÈRE Christophe,assets/players/leclere-christophe.png,assets/flags/fr.png,assets/clubs/epernay.png,Épernay,#7C3AED
LECOINTRE Marie-Christine,LECOINTRE Marie-Christine,assets/players/lecointre-marie-christine.png,assets/flags/fr.png,assets/clubs/default.png,,#444444
LECOINTRE Marie-Claude,LECOINTRE Marie-Claude,assets/players/lecointre-marie-claude.png,assets/flags/fr.png,assets/clubs/default.png,,#444444
LECONTE Christian,LECONTE Christian,assets/players/leconte-christian.png,assets/flags/fr.png,assets/clubs/saint-lo.png,Saint-Lô,#2563EB
LECONTE Geneviève,LECONTE Geneviève,assets/players/leconte-genevieve.png,assets/flags/fr.png,assets/clubs/saint-lo.png,Saint-Lô,#2563EB
LEDENT Natacha,LEDENT Natacha,assets/players/ledent-natacha.png,assets/flags/fr.png,assets/clubs/default.png,,#444444
LEDOUX Christine,LEDOUX Christine,assets/players/ledoux-christine.png,assets/flags/fr.png,assets/clubs/default.png,,#444444
LEMAIRE Emmanuelle,LEMAIRE Emmanuelle,assets/players/lemaire-emmanuelle.png,assets/flags/fr.png,assets/clubs/default.png,,#444444
LEMAITRE Emmanuel,LEMAITRE Emmanuel,assets/players/lemaitre-emmanuel.png,assets/flags/fr.png,assets/clubs/default.png,,#444444
LEMAITRE Lorenzo,LEMAITRE Lorenzo,assets/players/lemaitre-lorenzo.png,assets/flags/fr.png,assets/clubs/default.png,,#444444
LEMAITRE Robert,LEMAITRE Robert,assets/players/lemaitre-robert.png,assets/flags/fr.png,assets/clubs/default.png,,#444444
LEMESLE André,LEMESLE André,assets/players/lemesle-andre.png,assets/flags/fr.png,assets/clubs/default.png,,#444444
LENGRONNE Jean-Paul,LENGRONNE Jean-Paul,assets/players/lengronne-jean-paul.png,assets/flags/fr.png,assets/clubs/saint-lo.png,Saint-Lô,#2563EB
LEROUX Brigitte,LEROUX Brigitte,assets/players/leroux-brigitte.png,assets/flags/fr.png,assets/clubs/mamers.png,Mamers,#0F766E
LEROUX Vincent,LEROUX Vincent,assets/players/leroux-vincent.png,assets/flags/fr.png,assets/clubs/dijon.png,Dijon,#1D4ED8
LESCOT José,LESCOT José,assets/players/lescot-jose.png,assets/flags/be.png,assets/clubs/default.png,,#F59E0B
LESCOT Samuel,LESCOT Samuel,assets/players/lescot-samuel.png,assets/flags/be.png,assets/clubs/default.png,,#F59E0B
LETUPPE Patrick,LETUPPE Patrick,assets/players/letuppe-patrick.png,assets/flags/fr.png,assets/clubs/default.png,,#444444
LEVEILLARD Josiane,LEVEILLARD Josiane,assets/players/leveillard-josiane.png,assets/flags/fr.png,assets/clubs/default.png,,#DB2777
LEVESQUE Christian,LEVESQUE Christian,assets/players/levesque-christian.png,assets/flags/fr.png,assets/clubs/laxou.png,Laxou,#7C3AED
LIBIOULLE Laurent,LIBIOULLE Laurent,assets/players/libioulle-laurent.png,assets/flags/be.png,assets/clubs/bruxelles.png,Bruxelles,#F59E0B
LORQUINET Roselyne,LORQUINET Roselyne,assets/players/lorquinet-roselyne.png,assets/flags/fr.png,assets/clubs/epernay.png,Épernay,#7C3AED
LOUIS-JOSEPH Fernand,LOUIS-JOSEPH Fernand,assets/players/louis-joseph-fernand.png,assets/flags/fr.png,assets/clubs/viroflay.png,Viroflay,#111827
LOUVEAU Marc,LOUVEAU Marc,assets/players/louveau-marc.png,assets/flags/fr.png,assets/clubs/sainte-jamme-le-mans.png,Sainte-Jamme-le-Mans,#2563EB
LUET Jean-Pierre,LUET Jean-Pierre,assets/players/luet-jean-pierre.png,assets/flags/fr.png,assets/clubs/default.png,,#6B7280
LUST Christophe,LUST Christophe,assets/players/lust-christophe.png,assets/flags/be.png,assets/clubs/chimay.png,Chimay,#F59E0B
LUU Boris,LUU Boris,assets/players/luu-boris.png,assets/flags/fr.png,assets/clubs/default.png,,#111827
LÉGIOT Pierre-Emmanuel,LÉGIOT Pierre-Emmanuel,assets/players/legiot-pierre-emmanuel.png,assets/flags/fr.png,assets/clubs/default.png,,#444444
LÉVÊQUE Yves,LÉVÊQUE Yves,assets/players/leveque-yves.png,assets/flags/be.png,assets/clubs/dour.png,Dour,#F59E0B
MACUTO Dominique,MACUTO Dominique,assets/players/macuto-dominique.png,assets/flags/fr.png,assets/clubs/default.png,,#444444
MAIRE Laëtitia,MAIRE Laëtitia,assets/players/maire-laetitia.png,assets/flags/fr.png,assets/clubs/default.png,,#444444
MALLET Yvette,MALLET Yvette,assets/players/mallet-yvette.png,assets/flags/fr.png,assets/clubs/durtol.png,Durtol,#1D4ED8
MANDRAS Jean-Pierre,MANDRAS Jean-Pierre,assets/players/mandras-jean-pierre.png,assets/flags/fr.png,assets/clubs/default.png,,#444444
MANDRAS Josette,MANDRAS Josette,assets/players/mandras-josette.png,assets/flags/fr.png,assets/clubs/default.png,,#444444
MANGIN Richard,MANGIN Richard,assets/players/mangin-richard.png,assets/flags/fr.png,assets/clubs/default.png,,#444444
MANIER Thierry,MANIER Thierry,assets/players/manier-thierry.png,assets/flags/fr.png,assets/clubs/default.png,,#444444
MANIER Tina,MANIER Tina,assets/players/manier-tina.png,assets/flags/fr.png,assets/clubs/default.png,,#444444
MARCHAL André,MARCHAL André,assets/players/marchal-andre.png,assets/flags/fr.png,assets/clubs/default.png,,#444444
MARGIRIER Agnès,MARGIRIER Agnès,assets/players/margirier-agnes.png,assets/flags/fr.png,assets/clubs/default.png,,#1D4ED8
MARGUERITE Laurent,MARGUERITE Laurent,assets/players/marguerite-laurent.png,assets/flags/fr.png,assets/clubs/default.png,,#444444
MARIE Denise,MARIE Denise,assets/players/marie-denise.png,assets/flags/fr.png,assets/clubs/default.png,,#444444
MARIE Patricia,MARIE Patricia,assets/players/marie-patricia.png,assets/flags/fr.png,assets/clubs/paray-vieille-poste.png,Paray-Vieille-Poste,#111827
MAROT Guy,MAROT Guy,assets/players/marot-guy.png,assets/flags/fr.png,assets/clubs/domerat.png,Domérat,#1D4ED8
MARTHE Pierre,MARTHE Pierre,assets/players/marthe-pierre.png,assets/flags/fr.png,assets/clubs/default.png,,#444444
MARTIN Christine,MARTIN Christine,assets/players/martin-christine.png,assets/flags/fr.png,assets/clubs/gleize.png,Gleizé,#1D4ED8
MARTIN Lucienne,MARTIN Lucienne,assets/players/martin-lucienne.png,assets/flags/fr.png,assets/clubs/default.png,,#444444
MARTIN Marie-Colette,MARTIN Marie-Colette,assets/players/martin-marie-colette.png,assets/flags/fr.png,assets/clubs/saint-priest-en-jarez.png,Saint-Priest-en-Jarez,#1D4ED8
MARTIN Patrice,MARTIN Patrice,assets/players/martin-patrice.png,assets/flags/fr.png,assets/clubs/bon-encontre.png,Bon-Encontre,#EA580C
MARTIN Patricia,MARTIN Patricia,assets/players/martin-patricia.png,assets/flags/fr.png,assets/clubs/default.png,,#444444
MAS Marylise,MAS Marylise,assets/players/mas-marylise.png,assets/flags/fr.png,assets/clubs/default.png,,#444444
MAS Michel,MAS Michel,assets/players/mas-michel.png,assets/flags/fr.png,assets/clubs/default.png,,#444444
MASUYER Hervé,MASUYER Hervé,assets/players/masuyer-herve.png,assets/flags/fr.png,assets/clubs/dijon.png,Dijon,#7C3AED
MATILLON Françoise,MATILLON Françoise,assets/players/matillon-francoise.png,assets/flags/fr.png,assets/clubs/saint-lo.png,Saint-Lô,#2563EB
MATON Luc,MATON Luc,assets/players/maton-luc.png,assets/flags/fr.png,assets/clubs/default.png,,#444444
MAURIN Luc,MAURIN Luc,assets/players/maurin-luc.png,assets/flags/fr.png,assets/clubs/default.png,,#444444
MAUROUARD Lionel,MAUROUARD Lionel,assets/players/maurouard-lionel.png,assets/flags/fr.png,assets/clubs/default.png,,#444444
MAURY Roger,MAURY Roger,assets/players/maury-roger.png,assets/flags/fr.png,assets/clubs/default.png,,#444444
MAYBON Claudette,MAYBON Claudette,assets/players/maybon-claudette.png,assets/flags/fr.png,assets/clubs/default.png,,#444444
MEDIONI Thierry,MEDIONI Thierry,assets/players/medioni-thierry.png,assets/flags/fr.png,assets/clubs/default.png,,#444444
MENAUT Chantal,MENAUT Chantal,assets/players/menaut-chantal.png,assets/flags/fr.png,assets/clubs/ambert.png,Ambert,#1D4ED8
MENENDEZ Stéphane,MENENDEZ Stéphane,assets/players/menendez-stephane.png,assets/flags/fr.png,assets/clubs/default.png,,#444444
MENOTTI Marie-Catherine,MENOTTI Marie-Catherine,assets/players/menotti-marie-catherine.png,assets/flags/fr.png,assets/clubs/default.png,,#444444
MERRHEIM Dominique,MERRHEIM Dominique,assets/players/merrheim-dominique.png,assets/flags/fr.png,assets/clubs/viileneuve-dascq.png,Viileneuve d'Ascq,#DC2626
MERRHEIM Philippe,MERRHEIM Philippe,assets/players/merrheim-philippe.png,assets/flags/fr.png,assets/clubs/villeneuve-dascq.png,Villeneuve d'Ascq,#DC2626
MICHAUD Pascal,MICHAUD Pascal,assets/players/michaud-pascal.png,assets/flags/fr.png,assets/clubs/default.png,,#444444
MIMOUMI Mohamed,MIMOUMI Mohamed,assets/players/mimoumi-mohamed.png,assets/flags/fr.png,assets/clubs/default.png,,#444444
MINOUS Michèle,MINOUS Michèle,assets/players/minous-michele.png,assets/flags/fr.png,assets/clubs/vannes.png,Vannes,#0F766E
MOISELET Bernadette,MOISELET Bernadette,assets/players/moiselet-bernadette.png,assets/flags/fr.png,assets/clubs/saint-quentin.png,Saint-Quentin,#DC2626
MOJARD Véronique,MOJARD Véronique,assets/players/mojard-veronique.png,assets/flags/fr.png,assets/clubs/default.png,,#444444
MOKUJELIA Martine,MOKUJELIA Martine,assets/players/mokujelia-martine.png,assets/flags/fr.png,assets/clubs/default.png,,#444444
MOLLET Hélène,MOLLET Hélène,assets/players/mollet-helene.png,assets/flags/fr.png,assets/clubs/default.png,,#444444
MONARD Clairette,MONARD Clairette,assets/players/monard-clairette.png,assets/flags/fr.png,assets/clubs/default.png,,#444444
MONCOURTOIS Hervé,MONCOURTOIS Hervé,assets/players/moncourtois-herve.png,assets/flags/fr.png,assets/clubs/luce.png,Lucé,#111827
MONDANGE Marie,MONDANGE Marie,assets/players/mondange-marie.png,assets/flags/fr.png,assets/clubs/default.png,,#444444
MONSINJON Claude,MONSINJON Claude,assets/players/monsinjon-claude.png,assets/flags/fr.png,assets/clubs/epinay-sur-seine.png,Épinay-sur-Seine,#111827
MONTESINOS Michèle,MONTESINOS Michèle,assets/players/montesinos-michele.png,assets/flags/fr.png,assets/clubs/default.png,,#444444
MONTONI Chantal,MONTONI Chantal,assets/players/montoni-chantal.png,assets/flags/fr.png,assets/clubs/niort.png,Niort,#0F766E
MOULIN Laurence,MOULIN Laurence,assets/players/moulin-laurence.png,assets/flags/fr.png,assets/clubs/gleize.png,Gleizé,#1D4ED8
MOUSSU Jean-Pierre,MOUSSU Jean-Pierre,assets/players/moussu-jean-pierre.png,assets/flags/fr.png,assets/clubs/vannes.png,Vannes,#0F766E
MUSSARD Maxence,MUSSARD Maxence,assets/players/mussard-maxence.png,assets/flags/fr.png,assets/clubs/default.png,,#444444
MÉJEAN Françoise,MÉJEAN Françoise,assets/players/mejean-francoise.png,assets/flags/fr.png,assets/clubs/paray-vieille-poste.png,Paray-Vieille-Poste,#111827
NAVÈRES Jean-Hugues,NAVÈRES Jean-Hugues,assets/players/naveres-jean-hugues.png,assets/flags/fr.png,assets/clubs/default.png,,#444444
NEPVEU Mathieu,NEPVEU Mathieu,assets/players/nepveu-mathieu.png,assets/flags/fr.png,assets/clubs/default.png,,#444444
NIASSE Cheikh,NIASSE Cheikh,assets/players/niasse-cheikh.png,assets/flags/fr.png,assets/clubs/default.png,,#444444
NICOLE Raymonde,NICOLE Raymonde,assets/players/nicole-raymonde.png,assets/flags/fr.png,assets/clubs/antibes.png,Antibes,#DB2777
NININ Jocelyne,NININ Jocelyne,assets/players/ninin-jocelyne.png,assets/flags/fr.png,assets/clubs/vannes.png,Vannes,#0F766E
NIVAROSA Vincent,NIVAROSA Vincent,assets/players/nivarosa-vincent.png,assets/flags/fr.png,assets/clubs/tarbes.png,Tarbes,#EA580C
NORMAND Jean-François,NORMAND Jean-François,assets/players/normand-jean-francois.png,assets/flags/fr.png,assets/clubs/marseille.png,Marseille,#DB2777
NOURRI Roger,NOURRI Roger,assets/players/nourri-roger.png,assets/flags/fr.png,assets/clubs/default.png,,#444444
NOVALES Bruno,NOVALES Bruno,assets/players/novales-bruno.png,assets/flags/fr.png,assets/clubs/grand.png,Grand,#0F766E
NOYER Marie-Paule,NOYER Marie-Paule,assets/players/noyer-marie-paule.png,assets/flags/fr.png,assets/clubs/default.png,,#1D4ED8
NYSSEN Marie-Claude,NYSSEN Marie-Claude,assets/players/nyssen-marie-claude.png,assets/flags/be.png,assets/clubs/default.png,,#F59E0B
OILLAUX Didier,OILLAUX Didier,assets/players/oillaux-didier.png,assets/flags/fr.png,assets/clubs/default.png,,#444444
OLIVIER Philippe,OLIVIER Philippe,assets/players/olivier-philippe.png,assets/flags/be.png,assets/clubs/dour.png,Dour,#F59E0B
ORS Christine,ORS Christine,assets/players/ors-christine.png,assets/flags/fr.png,assets/clubs/saint-priest-en-jarez.png,Saint-Priest-en-Jarez,#1D4ED8
OSTWALD Bernard,OSTWALD Bernard,assets/players/ostwald-bernard.png,assets/flags/fr.png,assets/clubs/default.png,,#444444
OUDET Monique,OUDET Monique,assets/players/oudet-monique.png,assets/flags/fr.png,assets/clubs/dijon.png,Dijon,#1D4ED8
OUKAÏD Doris,OUKAÏD Doris,assets/players/oukaid-doris.png,assets/flags/fr.png,assets/clubs/default.png,,#444444
PADIOU Denis,PADIOU Denis,assets/players/padiou-denis.png,assets/flags/fr.png,assets/clubs/default.png,,#444444
PAPUT Didier,PAPUT Didier,assets/players/paput-didier.png,assets/flags/fr.png,assets/clubs/default.png,,#1D4ED8
PAYEN Bertrand,PAYEN Bertrand,assets/players/payen-bertrand.png,assets/flags/be.png,assets/clubs/dour.png,Dour,#F59E0B
PAYRAUDEAU Lydie,PAYRAUDEAU Lydie,assets/players/payraudeau-lydie.png,assets/flags/fr.png,assets/clubs/niort.png,Niort,#0F766E
PELLETIER Marc,PELLETIER Marc,assets/players/pelletier-marc.png,assets/flags/fr.png,assets/clubs/gleize.png,Gleizé,#1D4ED8
PEREZ Jean-Pierre,PEREZ Jean-Pierre,assets/players/perez-jean-pierre.png,assets/flags/fr.png,assets/clubs/default.png,,#1D4ED8
PERLINSKI Richard,PERLINSKI Richard,assets/players/perlinski-richard.png,assets/flags/fr.png,assets/clubs/sainte-jamme-le-mans.png,Sainte-Jamme-le-Mans,#2563EB
PEROT Mireille,PEROT Mireille,assets/players/perot-mireille.png,assets/flags/fr.png,assets/clubs/ambert.png,Ambert,#1D4ED8
PERRIER Jean-Paul,PERRIER Jean-Paul,assets/players/perrier-jean-paul.png,assets/flags/fr.png,assets/clubs/durtol.png,Durtol,#1D4ED8
PERRIN Marcel,PERRIN Marcel,assets/players/perrin-marcel.png,assets/flags/fr.png,assets/clubs/saint-flour.png,Saint-Flour,#1D4ED8
PETITJEAN Philippe,PETITJEAN Philippe,assets/players/petitjean-philippe.png,assets/flags/fr.png,assets/clubs/laxou.png,Laxou,#7C3AED
PEUDEPIÈCE Sylviane,PEUDEPIÈCE Sylviane,assets/players/peudepiece-sylviane.png,assets/flags/fr.png,assets/clubs/epernay.png,Épernay,#7C3AED
PHILIBERT France,PHILIBERT France,assets/players/philibert-france.png,assets/flags/fr.png,assets/clubs/saint-priest-en-jarez.png,Saint-Priest-en-Jarez,#1D4ED8
PHILIPPOT Marie-Annick,PHILIPPOT Marie-Annick,assets/players/philippot-marie-annick.png,assets/flags/fr.png,assets/clubs/default.png,,#444444
PICARD Denis,PICARD Denis,assets/players/picard-denis.png,assets/flags/fr.png,assets/clubs/default.png,,#444444
PICARD Joëlle,PICARD Joëlle,assets/players/picard-joelle.png,assets/flags/fr.png,assets/clubs/default.png,,#DB2777
PICHON Marianne,PICHON Marianne,assets/players/pichon-marianne.png,assets/flags/fr.png,assets/clubs/saint-flour.png,Saint-Flour,#1D4ED8
PILLOT Zeneida,PILLOT Zeneida,assets/players/pillot-zeneida.png,assets/flags/fr.png,assets/clubs/le-creusot.png,Le Creusot,#1D4ED8
PINEL Florian,PINEL Florian,assets/players/pinel-florian.png,assets/flags/fr.png,assets/clubs/toulouse.png,Toulouse,#EA580C
PIRES Marie,PIRES Marie,assets/players/pires-marie.png,assets/flags/fr.png,assets/clubs/domerat.png,Domérat,#1D4ED8
PIRONAUD Bruno,PIRONAUD Bruno,assets/players/pironaud-bruno.png,assets/flags/fr.png,assets/clubs/tarare.png,Tarare,#1D4ED8
PIROTAIS Marie-Louise,PIROTAIS Marie-Louise,assets/players/pirotais-marie-louise.png,assets/flags/fr.png,assets/clubs/default.png,,#444444
PLAINO Geneviève,PLAINO Geneviève,assets/players/plaino-genevieve.png,assets/flags/fr.png,assets/clubs/default.png,,#444444
PLETSCHETTE Véronique,PLETSCHETTE Véronique,assets/players/pletschette-veronique.png,assets/flags/fr.png,assets/clubs/caen.png,Caen,#111827
POILPRÉ Jean-Louis,POILPRÉ Jean-Louis,assets/players/poilpre-jean-louis.png,assets/flags/fr.png,assets/clubs/default.png,,#444444
POINCIGNON Rose-Anne,POINCIGNON Rose-Anne,assets/players/poincignon-rose-anne.png,assets/flags/fr.png,assets/clubs/default.png,,#444444
POIRIER Loïc,POIRIER Loïc,assets/players/poirier-loic.png,assets/flags/fr.png,assets/clubs/les-herbiers.png,Les Herbiers,#059669
POMMEREUL Édith,POMMEREUL Édith,assets/players/pommereul-edith.png,assets/flags/fr.png,assets/clubs/default.png,,#444444
POMMÈS Étiennette,POMMÈS Étiennette,assets/players/pommes-etiennette.png,assets/flags/fr.png,assets/clubs/default.png,,#444444
PORS Martine,PORS Martine,assets/players/pors-martine.png,assets/flags/fr.png,assets/clubs/brest.png,Brest,#2563EB
POUCHAIN Olivier,POUCHAIN Olivier,assets/players/pouchain-olivier.png,assets/flags/fr.png,assets/clubs/default.png,,#444444
POUCHAIN-CASTELIN Ludivine,POUCHAIN-CASTELIN Ludivine,assets/players/pouchain-castelin-ludivine.png,assets/flags/fr.png,assets/clubs/default.png,,#444444
POULAIN Nathalie,POULAIN Nathalie,assets/players/poulain-nathalie.png,assets/flags/fr.png,assets/clubs/calais.png,Calais,#DC2626
POUTOT Vincent,POUTOT Vincent,assets/players/poutot-vincent.png,assets/flags/fr.png,assets/clubs/default.png,,#7C3AED
POUVREAU Annie,POUVREAU Annie,assets/players/pouvreau-annie.png,assets/flags/fr.png,assets/clubs/default.png,,#444444
PREL Sylvie,PREL Sylvie,assets/players/prel-sylvie.png,assets/flags/fr.png,assets/clubs/default.png,,#444444
PRIMET Jean-Robert,PRIMET Jean-Robert,assets/players/primet-jean-robert.png,assets/flags/fr.png,assets/clubs/lyon.png,Lyon,#1D4ED8
PRÉVOST Marie-Christine,PRÉVOST Marie-Christine,assets/players/prevost-marie-christine.png,assets/flags/fr.png,assets/clubs/default.png,,#444444
PUMA Cyrille,PUMA Cyrille,assets/players/puma-cyrille.png,assets/flags/fr.png,assets/clubs/laxou.png,Laxou,#7C3AED
PÊCHEUR Monique,PÊCHEUR Monique,assets/players/pecheur-monique.png,assets/flags/fr.png,assets/clubs/viroflay.png,Viroflay,#111827
QUEVEDO Florence,QUEVEDO Florence,assets/players/quevedo-florence.png,assets/flags/fr.png,assets/clubs/default.png,,#444444
RADIC Sylvie,RADIC Sylvie,assets/players/radic-sylvie.png,assets/flags/fr.png,assets/clubs/default.png,,#444444
RAIZMAN Alexandre,RAIZMAN Alexandre,assets/players/raizman-alexandre.png,assets/flags/fr.png,assets/clubs/paris.png,Paris,#111827
RAMOS Pedro,RAMOS Pedro,assets/players/ramos-pedro.png,assets/flags/fr.png,assets/clubs/saint-michel-sur-orge.png,Saint-Michel-sur-Orge,#111827
RAULIN Christine,RAULIN Christine,assets/players/raulin-christine.png,assets/flags/fr.png,assets/clubs/ambert.png,Ambert,#1D4ED8
REMAUD Richard,REMAUD Richard,assets/players/remaud-richard.png,assets/flags/fr.png,assets/clubs/saint-sulpice-de-royan.png,Saint-Sulpice-de-Royan,#059669
RENAUD Jean-Pierre,RENAUD Jean-Pierre,assets/players/renaud-jean-pierre.png,assets/flags/fr.png,assets/clubs/tarbes.png,Tarbes,#EA580C
RENAUD Valentin,RENAUD Valentin,assets/players/renaud-valentin.png,assets/flags/fr.png,assets/clubs/default.png,,#444444
RESSOT Christine,RESSOT Christine,assets/players/ressot-christine.png,assets/flags/fr.png,assets/clubs/durtol.png,Durtol,#1D4ED8
RIBOLI Maxime,RIBOLI Maxime,assets/players/riboli-maxime.png,assets/flags/fr.png,assets/clubs/niort.png,Niort,#0F766E
RIBOULET Olivier,RIBOULET Olivier,assets/players/riboulet-olivier.png,assets/flags/fr.png,assets/clubs/default.png,,#444444
RICHARD Denis,RICHARD Denis,assets/players/richard-denis.png,assets/flags/fr.png,assets/clubs/default.png,,#7C3AED
RICHARD Pascal,RICHARD Pascal,assets/players/richard-pascal.png,assets/flags/fr.png,assets/clubs/default.png,,#444444
RIDEAU Laëtitia,RIDEAU Laëtitia,assets/players/rideau-laetitia.png,assets/flags/fr.png,assets/clubs/la-roche-sur-yon.png,La Roche-sur-Yon,#0F766E
RIGAUX Anne-Marie,RIGAUX Anne-Marie,assets/players/rigaux-anne-marie.png,assets/flags/fr.png,assets/clubs/default.png,,#444444
RINQUIN Annick,RINQUIN Annick,assets/players/rinquin-annick.png,assets/flags/fr.png,assets/clubs/default.png,,#444444
RIOS Jean-Jacques,RIOS Jean-Jacques,assets/players/rios-jean-jacques.png,assets/flags/fr.png,assets/clubs/default.png,,#444444
RISSE Myriam,RISSE Myriam,assets/players/risse-myriam.png,assets/flags/fr.png,assets/clubs/default.png,,#444444
ROBETTE Alexandre,ROBETTE Alexandre,assets/players/robette-alexandre.png,assets/flags/fr.png,assets/clubs/default.png,,#444444
ROBIN Fabrice,ROBIN Fabrice,assets/players/robin-fabrice.png,assets/flags/fr.png,assets/clubs/gleize.png,Gleizé,#1D4ED8
ROCCHIA Philippe,ROCCHIA Philippe,assets/players/rocchia-philippe.png,assets/flags/fr.png,assets/clubs/marseille.png,Marseille,#DB2777
ROCHER Janine,ROCHER Janine,assets/players/rocher-janine.png,assets/flags/fr.png,assets/clubs/ambert.png,Ambert,#1D4ED8
RODI Mathilda,RODI Mathilda,assets/players/rodi-mathilda.png,assets/flags/fr.png,assets/clubs/fontenay-sous-bois.png,Fontenay-sous-Bois,#111827
RODRIGUES Marvin,RODRIGUES Marvin,assets/players/rodrigues-marvin.png,assets/flags/fr.png,assets/clubs/default.png,,#EA580C
ROLAND Patrice,ROLAND Patrice,assets/players/roland-patrice.png,assets/flags/fr.png,assets/clubs/default.png,,#DC2626
ROSIÈRES Nadine,ROSIÈRES Nadine,assets/players/rosieres-nadine.png,assets/flags/fr.png,assets/clubs/default.png,,#444444
ROSZAK Nicolas,ROSZAK Nicolas,assets/players/roszak-nicolas.png,assets/flags/fr.png,assets/clubs/default.png,,#DC2626
ROUDIL Arlette,ROUDIL Arlette,assets/players/roudil-arlette.png,assets/flags/fr.png,assets/clubs/saint-flour.png,Saint-Flour,#1D4ED8
ROUMÉAS Goulven,ROUMÉAS Goulven,assets/players/roumeas-goulven.png,assets/flags/fr.png,assets/clubs/default.png,,#444444
ROUSSEAU Marie-Thérèse,ROUSSEAU Marie-Thérèse,assets/players/rousseau-marie-therese.png,assets/flags/fr.png,assets/clubs/default.png,,#444444
ROUSSEL Pascal,ROUSSEL Pascal,assets/players/roussel-pascal.png,assets/flags/fr.png,assets/clubs/dijon.png,Dijon,#7C3AED
ROUSSELLE Bruno,ROUSSELLE Bruno,assets/players/rousselle-bruno.png,assets/flags/fr.png,assets/clubs/default.png,,#444444
ROUX Josette,ROUX Josette,assets/players/roux-josette.png,assets/flags/fr.png,assets/clubs/default.png,,#444444
ROUX Marie-Thérèse,ROUX Marie-Thérèse,assets/players/roux-marie-therese.png,assets/flags/fr.png,assets/clubs/default.png,,#444444
ROUX Pierre-Damien,ROUX Pierre-Damien,assets/players/roux-pierre-damien.png,assets/flags/fr.png,assets/clubs/fontenay-sous-bois.png,Fontenay-sous-Bois,#111827
RULLIÈRE Martine,RULLIÈRE Martine,assets/players/rulliere-martine.png,assets/flags/fr.png,assets/clubs/default.png,,#444444
RUMEAU Christophe,RUMEAU Christophe,assets/players/rumeau-christophe.png,assets/flags/fr.png,assets/clubs/default.png,,#444444
SAADA Gilbert,SAADA Gilbert,assets/players/saada-gilbert.png,assets/flags/fr.png,assets/clubs/fontenay-sous-bois.png,Fontenay-sous-Bois,#111827
SALIOU Frédéric,SALIOU Frédéric,assets/players/saliou-frederic.png,assets/flags/fr.png,assets/clubs/brest.png,Brest,#2563EB
SANDRINI Pierre,SANDRINI Pierre,assets/players/sandrini-pierre.png,assets/flags/fr.png,assets/clubs/toulouse.png,Toulouse,#EA580C
SANTI Gérard,SANTI Gérard,assets/players/santi-gerard.png,assets/flags/fr.png,assets/clubs/default.png,,#1D4ED8
SANTRAN Céline,SANTRAN Céline,assets/players/santran-celine.png,assets/flags/fr.png,assets/clubs/bouliac.png,Bouliac,#EA580C
SARROT Vincent,SARROT Vincent,assets/players/sarrot-vincent.png,assets/flags/fr.png,assets/clubs/default.png,,#444444
SAUL Laurent,SAUL Laurent,assets/players/saul-laurent.png,assets/flags/fr.png,assets/clubs/default.png,,#444444
SAUNAL Christiane,SAUNAL Christiane,assets/players/saunal-christiane.png,assets/flags/fr.png,assets/clubs/default.png,,#DB2777
SAURA Josiane,SAURA Josiane,assets/players/saura-josiane.png,assets/flags/fr.png,assets/clubs/default.png,,#444444
SAUTY Christophe,SAUTY Christophe,assets/players/sauty-christophe.png,assets/flags/fr.png,assets/clubs/strasbourg.png,Strasbourg,#7C3AED
SCHAFTER Olivier,SCHAFTER Olivier,assets/players/schafter-olivier.png,assets/flags/fr.png,assets/clubs/durtol.png,Durtol,#1D4ED8
SCHEHER Charles,SCHEHER Charles,assets/players/scheher-charles.png,assets/flags/fr.png,assets/clubs/default.png,,#444444
SEGHI Marie-Rose,SEGHI Marie-Rose,assets/players/seghi-marie-rose.png,assets/flags/fr.png,assets/clubs/default.png,,#444444
SEMIATCKI Daniel,SEMIATCKI Daniel,assets/players/semiatcki-daniel.png,assets/flags/fr.png,assets/clubs/default.png,,#444444
SERVAIS Emmanuel,SERVAIS Emmanuel,assets/players/servais-emmanuel.png,assets/flags/be.png,assets/clubs/chimay.png,Chimay,#F59E0B
SEYMAT Maxence,SEYMAT Maxence,assets/players/seymat-maxence.png,assets/flags/fr.png,assets/clubs/default.png,,#444444
SEYMAT Roland,SEYMAT Roland,assets/players/seymat-roland.png,assets/flags/fr.png,assets/clubs/default.png,,#444444
SIMÉON Jacques,SIMÉON Jacques,assets/players/simeon-jacques.png,assets/flags/fr.png,assets/clubs/viroflay.png,Viroflay,#111827
SINTINO Alfonso,SINTINO Alfonso,assets/players/sintino-alfonso.png,assets/flags/fr.png,assets/clubs/default.png,,#444444
SMADJA Gilles,SMADJA Gilles,assets/players/smadja-gilles.png,assets/flags/fr.png,assets/clubs/default.png,,#111827
SORONDO Mathieu,SORONDO Mathieu,assets/players/sorondo-mathieu.png,assets/flags/fr.png,assets/clubs/default.png,,#444444
SOULIER Guy,SOULIER Guy,assets/players/soulier-guy.png,assets/flags/fr.png,assets/clubs/saint-flour.png,Saint-Flour,#1D4ED8
SOUPART Fabienne,SOUPART Fabienne,assets/players/soupart-fabienne.png,assets/flags/fr.png,assets/clubs/default.png,,#444444
SUYS Alain,SUYS Alain,assets/players/suys-alain.png,assets/flags/fr.png,assets/clubs/viroflay.png,Viroflay,#111827
SUYS Olivier,SUYS Olivier,assets/players/suys-olivier.png,assets/flags/fr.png,assets/clubs/viroflay.png,Viroflay,#111827
SWAHN Allan,SWAHN Allan,assets/players/swahn-allan.png,assets/flags/fr.png,assets/clubs/antibes.png,Antibes,#DB2777
TALLÉ Annie,TALLÉ Annie,assets/players/talle-annie.png,assets/flags/fr.png,assets/clubs/default.png,,#444444
TARGUI Martine,TARGUI Martine,assets/players/targui-martine.png,assets/flags/fr.png,assets/clubs/durtol.png,Durtol,#1D4ED8
TELLIER Alain,TELLIER Alain,assets/players/tellier-alain.png,assets/flags/be.png,assets/clubs/chimay.png,Chimay,#F59E0B
TEURNIER Léa,TEURNIER Léa,assets/players/teurnier-lea.png,assets/flags/fr.png,assets/clubs/default.png,,#444444
TEURNIER Éric,TEURNIER Éric,assets/players/teurnier-eric.png,assets/flags/fr.png,assets/clubs/default.png,,#444444
THIL Martine,THIL Martine,assets/players/thil-martine.png,assets/flags/fr.png,assets/clubs/saint-martin-dheres.png,Saint-Martin-d'Hères,#1D4ED8
THIVET Michel,THIVET Michel,assets/players/thivet-michel.png,assets/flags/fr.png,assets/clubs/default.png,,#444444
THOMAS Claudine,THOMAS Claudine,assets/players/thomas-claudine.png,assets/flags/fr.png,assets/clubs/saint-priest-en-jarez.png,Saint-Priest-en-Jarez,#1D4ED8
THOMAS Monique,THOMAS Monique,assets/players/thomas-monique.png,assets/flags/fr.png,assets/clubs/domerat.png,Domérat,#1D4ED8
THOMAS Sylviane,THOMAS Sylviane,assets/players/thomas-sylviane.png,assets/flags/fr.png,assets/clubs/domerat.png,Domérat,#1D4ED8
THOMINE Martine,THOMINE Martine,assets/players/thomine-martine.png,assets/flags/fr.png,assets/clubs/saint-lo.png,Saint-Lô,#2563EB
TICHAND Yannick,TICHAND Yannick,assets/players/tichand-yannick.png,assets/flags/fr.png,assets/clubs/default.png,,#444444
TISSOT Jean-Pierre,TISSOT Jean-Pierre,assets/players/tissot-jean-pierre.png,assets/flags/fr.png,assets/clubs/saint-priest-en-jarez.png,Saint-Priest-en-Jarez,#1D4ED8
TISSOT Nicole,TISSOT Nicole,assets/players/tissot-nicole.png,assets/flags/fr.png,assets/clubs/saint-martin-dheres.png,Saint-Martin-d'Hères,#1D4ED8
TONELLI Yvette,TONELLI Yvette,assets/players/tonelli-yvette.png,assets/flags/fr.png,assets/clubs/default.png,,#444444
TONICELLO Claire,TONICELLO Claire,assets/players/tonicello-claire.png,assets/flags/fr.png,assets/clubs/bon-encontre.png,Bon-Encontre,#EA580C
TOUGARD Didier,TOUGARD Didier,assets/players/tougard-didier.png,assets/flags/fr.png,assets/clubs/default.png,,#444444
TOUMIT-DELILLE Isabelle,TOUMIT-DELILLE Isabelle,assets/players/toumit-delille-isabelle.png,assets/flags/fr.png,assets/clubs/default.png,,#444444
TOURANCHEAU Annick,TOURANCHEAU Annick,assets/players/tourancheau-annick.png,assets/flags/fr.png,assets/clubs/default.png,,#444444
TOUSSAINT Michèle,TOUSSAINT Michèle,assets/players/toussaint-michele.png,assets/flags/fr.png,assets/clubs/default.png,,#444444
TRASSART Marie-Madeleine,TRASSART Marie-Madeleine,assets/players/trassart-marie-madeleine.png,assets/flags/fr.png,assets/clubs/laxou.png,Laxou,#7C3AED
TRIKI Farid,TRIKI Farid,assets/players/triki-farid.png,assets/flags/fr.png,assets/clubs/saint-priest-en-jarez.png,Saint-Priest-en-Jarez,#1D4ED8
TRIMOUILLE Michelle,TRIMOUILLE Michelle,assets/players/trimouille-michelle.png,assets/flags/fr.png,assets/clubs/domerat.png,Domérat,#1D4ED8
TRIOULEYRE Anne-Marie,TRIOULEYRE Anne-Marie,assets/players/triouleyre-anne-marie.png,assets/flags/fr.png,assets/clubs/default.png,,#1D4ED8
TROMAS Marie-France,TROMAS Marie-France,assets/players/tromas-marie-france.png,assets/flags/fr.png,assets/clubs/default.png,,#444444
TRUCCHI Sébastien,TRUCCHI Sébastien,assets/players/trucchi-sebastien.png,assets/flags/fr.png,assets/clubs/antibes.png,Antibes,#DB2777
TULPINCK Pascale,TULPINCK Pascale,assets/players/tulpinck-pascale.png,assets/flags/fr.png,assets/clubs/les-oursons.png,Les Oursons,#0F766E
TURCO Angela,TURCO Angela,assets/players/turco-angela.png,assets/flags/fr.png,assets/clubs/default.png,,#444444
VADROT Philippe,VADROT Philippe,assets/players/vadrot-philippe.png,assets/flags/fr.png,assets/clubs/le-creusot.png,Le Creusot,#1D4ED8
VALDENAIRE Gilles,VALDENAIRE Gilles,assets/players/valdenaire-gilles.png,assets/flags/fr.png,assets/clubs/viroflay.png,Viroflay,#111827
VANNIÈRE Robert,VANNIÈRE Robert,assets/players/vanniere-robert.png,assets/flags/fr.png,assets/clubs/laxou.png,Laxou,#7C3AED
VASSEUR Olivier,VASSEUR Olivier,assets/players/vasseur-olivier.png,assets/flags/fr.png,assets/clubs/default.png,,#DC2626
VENET Sylvie,VENET Sylvie,assets/players/venet-sylvie.png,assets/flags/fr.png,assets/clubs/default.png,,#1D4ED8
VERDEYROUX Christiane,VERDEYROUX Christiane,assets/players/verdeyroux-christiane.png,assets/flags/fr.png,assets/clubs/bon-encontre.png,Bon-Encontre,#EA580C
VERGNIÈRES Julien,VERGNIÈRES Julien,assets/players/vergnieres-julien.png,assets/flags/fr.png,assets/clubs/default.png,,#444444
VERNE Jean-Luc,VERNE Jean-Luc,assets/players/verne-jean-luc.png,assets/flags/fr.png,assets/clubs/peronnas.png,Péronnas,#1D4ED8
VIGIER Bernadette,VIGIER Bernadette,assets/players/vigier-bernadette.png,assets/flags/fr.png,assets/clubs/saint-flour.png,Saint-Flour,#1D4ED8
VIGLIONE Gérard,VIGLIONE Gérard,assets/players/viglione-gerard.png,assets/flags/fr.png,assets/clubs/default.png,,#DB2777
VILLENEUVE Didier,VILLENEUVE Didier,assets/players/villeneuve-didier.png,assets/flags/fr.png,assets/clubs/default.png,,#1D4ED8
VILLENEUVE Jacqueline,VILLENEUVE Jacqueline,assets/players/villeneuve-jacqueline.png,assets/flags/fr.png,assets/clubs/default.png,,#1D4ED8
VIRGO Laura,VIRGO Laura,assets/players/virgo-laura.png,assets/flags/be.png,assets/clubs/chimay.png,Chimay,#F59E0B
VIRGO Éric,VIRGO Éric,assets/players/virgo-eric.png,assets/flags/be.png,assets/clubs/chimay.png,Chimay,#F59E0B
VIVANT Michel,VIVANT Michel,assets/players/vivant-michel.png,assets/flags/fr.png,assets/clubs/default.png,,#444444
VOILLET Sophie,VOILLET Sophie,assets/players/voillet-sophie.png,assets/flags/fr.png,assets/clubs/default.png,,#7C3AED
VOLDOIRE Marie-Claire,VOLDOIRE Marie-Claire,assets/players/voldoire-marie-claire.png,assets/flags/fr.png,assets/clubs/ambert.png,Ambert,#1D4ED8
WANTIEZ Monique,WANTIEZ Monique,assets/players/wantiez-monique.png,assets/flags/be.png,assets/clubs/dour.png,Dour,#F59E0B
WARNIER Pierre,WARNIER Pierre,assets/players/warnier-pierre.png,assets/flags/fr.png,assets/clubs/default.png,,#444444
WECKEL Gabrielle,WECKEL Gabrielle,assets/players/weckel-gabrielle.png,assets/flags/fr.png,assets/clubs/antibes.png,Antibes,#DB2777
ZAKRZEWSKI Jacques,ZAKRZEWSKI Jacques,assets/players/zakrzewski-jacques.png,assets/flags/fr.png,assets/clubs/default.png,,#444444
ÉVRARD Riley,ÉVRARD Riley,assets/players/evrard-riley.png,assets/flags/fr.png,assets/clubs/default.png,,#444444
